air_quality,temperature,humidity,label
167,27.600000381469727,54.20000076293945,0
177,27.299999237060547,54.70000076293945,0
169,27.600000381469727,54.79999923706055,0
173,27.899999618530273,54.099998474121094,0
177,27.600000381469727,53.70000076293945,0
182,27.299999237060547,52.79999923706055,0
178,27.299999237060547,53.20000076293945,0
187,27.600000381469727,52.5,0
189,27.899999618530273,53.29999923706055,0
187,28,54,0
188,28.200000762939453,54.79999923706055,0
175,28.200000762939453,54.099998474121094,0
174,27.899999618530273,54.900001525878906,0
180,27.899999618530273,55,0
172,27.700000762939453,55.79999923706055,0
181,27.899999618530273,55.599998474121094,0
196,27.700000762939453,55.099998474121094,0
190,28.100000381469727,55.099998474121094,0
201,27.799999237060547,56,1
197,28,56.70000076293945,0
207,28,57.70000076293945,1
220,28.299999237060547,57.20000076293945,1
232,28.299999237060547,56.29999923706055,1
225,27.799999237060547,56.20000076293945,1
216,27.700000762939453,56.599998474121094,1
202,27.5,56.599998474121094,1
200,27,55.900001525878906,1
205,27.200000762939453,55.099998474121094,1
204,27.600000381469727,55.70000076293945,1
201,27.399999618530273,54.70000076293945,1
201,27.600000381469727,55.099998474121094,1
203,27.5,54.5,1
207,27.100000381469727,54.900001525878906,1
221,27.100000381469727,54.099998474121094,1
231,26.700000762939453,54,1
231,26.299999237060547,53.70000076293945,1
232,26.5,54.5,1
235,26.100000381469727,54,1
247,25.799999237060547,53.20000076293945,1
242,25.5,53.20000076293945,1
243,25.799999237060547,53.099998474121094,1
236,25.299999237060547,52.900001525878906,1
242,25.5,52.70000076293945,1
235,25.899999618530273,52.900001525878906,1
244,26.299999237060547,52.79999923706055,1
239,26.200000762939453,53,1
249,26.5,53.20000076293945,1
235,26.600000381469727,53.20000076293945,1
241,26.299999237060547,54.099998474121094,1
249,26.700000762939453,54.79999923706055,1
246,27,55.5,1
254,26.799999237060547,55.29999923706055,1
253,27.299999237060547,55.5,1
244,27.700000762939453,54.900001525878906,1
247,27.899999618530273,54,1
236,28.200000762939453,53.099998474121094,1
223,28,52.79999923706055,1
235,27.899999618530273,52.79999923706055,1
231,28.399999618530273,52.79999923706055,1
228,28.799999237060547,52.5,1
217,29.200000762939453,52.79999923706055,1
226,29.200000762939453,52.20000076293945,1
239,29.200000762939453,52.400001525878906,1
227,29.399999618530273,52.900001525878906,1
239,29.799999237060547,53.599998474121094,1
232,29.399999618530273,54.400001525878906,1
232,29.5,54.900001525878906,1
237,29.100000381469727,54.70000076293945,1
243,28.899999618530273,54.599998474121094,1
235,28.799999237060547,53.70000076293945,1
222,28.600000381469727,54.099998474121094,1
216,28.899999618530273,54.400001525878906,1
220,29.100000381469727,54.5,1
224,29.100000381469727,53.79999923706055,1
221,28.899999618530273,53.29999923706055,1
191,27.799999237060547,54.599998474121094,0
204,28.200000762939453,54.79999923706055,1
196,28.200000762939453,54.70000076293945,0
199,27.700000762939453,53.900001525878906,0
204,28,54.5,1
213,28.399999618530273,53.70000076293945,1
202,28.700000762939453,54,1
207,28.399999618530273,53.70000076293945,1
215,28.799999237060547,54.400001525878906,1
203,28.399999618530273,54.099998474121094,1
208,28.600000381469727,54.400001525878906,1
218,28.399999618530273,54.099998474121094,1
231,28.100000381469727,54.099998474121094,1
224,28.200000762939453,53.29999923706055,1
211,28,53.70000076293945,1
209,27.799999237060547,53.099998474121094,1
195,28.100000381469727,53.099998474121094,0
209,28.5,52.79999923706055,1
214,28.399999618530273,52,1
199,28.200000762939453,52.900001525878906,0
189,28.700000762939453,52.099998474121094,0
199,28.299999237060547,51.900001525878906,0
185,28,51.400001525878906,0
190,28.5,52.29999923706055,0
191,28.299999237060547,51.79999923706055,0
178,28.100000381469727,51.5,0
166,28.200000762939453,50.900001525878906,0
164,28.399999618530273,50.70000076293945,0
164,28.600000381469727,50.400001525878906,0
179,29,50.29999923706055,0
165,29.100000381469727,51,0
158,29.200000762939453,50.70000076293945,0
145,29.100000381469727,51.400001525878906,0
144,29.299999237060547,51.29999923706055,0
149,28.899999618530273,50.900001525878906,0
137,28.799999237060547,51.29999923706055,0
139,29,50.900001525878906,0
154,28.799999237060547,50.70000076293945,0
146,28.799999237060547,51,0
142,28.399999618530273,51,0
146,28.600000381469727,51.5,0
138,28.5,50.599998474121094,0
123,28.399999618530273,51.099998474121094,0
112,28.899999618530273,50.099998474121094,0
106,28.399999618530273,50.900001525878906,0
120,28.799999237060547,51.20000076293945,0
113,28.600000381469727,51.29999923706055,0
124,28.899999618530273,51.900001525878906,0
112,29,51.29999923706055,0
111,28.899999618530273,52.099998474121094,0
106,29.100000381469727,51.79999923706055,0
102,29.600000381469727,52.20000076293945,0
107,29.600000381469727,52,0
96,29.799999237060547,52.79999923706055,0
108,29.700000762939453,52.20000076293945,0
105,29.399999618530273,52.70000076293945,0
107,29.600000381469727,52.099998474121094,0
111,30.100000381469727,53.099998474121094,0
97,30.200000762939453,53.70000076293945,0
106,30.600000381469727,53.099998474121094,0
107,30.600000381469727,52.400001525878906,0
122,31,51.599998474121094,0
137,31.100000381469727,51.70000076293945,0
143,31.299999237060547,50.900001525878906,0
128,31.600000381469727,50.400001525878906,0
184,27.700000762939453,54.900001525878906,0
178,27.600000381469727,55.29999923706055,0
166,28,55.20000076293945,0
157,28.200000762939453,54.70000076293945,0
165,27.799999237060547,55.5,0
180,28.100000381469727,54.79999923706055,0
176,27.899999618530273,54.5,0
173,28,55.29999923706055,0
165,27.600000381469727,55.70000076293945,0
170,28.100000381469727,56.099998474121094,0
157,28.600000381469727,56.20000076293945,0
169,28.200000762939453,56.70000076293945,0
179,27.700000762939453,55.79999923706055,0
189,27.799999237060547,55.70000076293945,0
203,27.399999618530273,56.70000076293945,1
197,27.700000762939453,57.099998474121094,0
208,27.399999618530273,56.5,1
201,27.799999237060547,56.099998474121094,1
188,27.899999618530273,55.70000076293945,0
202,27.899999618530273,55.5,1
214,27.799999237060547,56.099998474121094,1
219,27.399999618530273,56.900001525878906,1
217,27.799999237060547,56.599998474121094,1
205,28.200000762939453,56.29999923706055,1
190,27.799999237060547,57,0
196,27.700000762939453,56.20000076293945,0
187,27.299999237060547,56,0
183,27.399999618530273,56.70000076293945,0
194,27.200000762939453,56.400001525878906,0
183,27.600000381469727,57.099998474121094,0
168,27.5,56.70000076293945,0
163,27.5,57.400001525878906,0
155,28,58.099998474121094,0
143,27.899999618530273,58.400001525878906,0
147,27.799999237060547,57.400001525878906,0
136,27.799999237060547,57.099998474121094,0
128,28,57.29999923706055,0
138,28.299999237060547,57.599998474121094,0
128,28.600000381469727,58.400001525878906,0
129,28.399999618530273,57.900001525878906,0
133,28.700000762939453,58.20000076293945,0
143,28.899999618530273,57.5,0
137,28.899999618530273,57.900001525878906,0
144,29.399999618530273,58,0
158,29.799999237060547,57.599998474121094,0
157,29.5,56.79999923706055,0
164,29.299999237060547,57,0
171,29.399999618530273,57.599998474121094,0
157,29,57.400001525878906,0
148,28.600000381469727,58.20000076293945,0
148,28.100000381469727,58.79999923706055,0
135,28,59.599998474121094,0
134,27.799999237060547,60.599998474121094,0
136,28,61.400001525878906,0
139,27.5,60.5,0
153,27.899999618530273,60.29999923706055,0
159,28,60.20000076293945,0
146,28.5,60.20000076293945,0
157,28.100000381469727,59.599998474121094,0
172,28.600000381469727,59.400001525878906,0
173,28.700000762939453,59.400001525878906,0
164,29.100000381469727,59.400001525878906,0
177,29.100000381469727,59.20000076293945,0
172,29,59.70000076293945,0
185,29.100000381469727,60.5,0
175,29.100000381469727,60.20000076293945,0
163,28.799999237060547,59.79999923706055,0
175,28.5,59.5,0
169,28.600000381469727,60.20000076293945,0
177,28.5,59.70000076293945,0
165,28.700000762939453,58.900001525878906,0
151,29,58.79999923706055,0
141,29.100000381469727,58.900001525878906,0
152,29.5,58.400001525878906,0
162,29,57.599998474121094,0
150,29.5,56.79999923706055,0
153,29.5,56.400001525878906,0
140,29.200000762939453,57.20000076293945,0
140,29.399999618530273,57,0
154,29,56.5,0
164,29.200000762939453,56.79999923706055,0
177,29.700000762939453,57.20000076293945,0
182,29.5,58.099998474121094,0
180,29.799999237060547,57.70000076293945,0
176,30.100000381469727,57.400001525878906,0
165,30.600000381469727,57.79999923706055,0
175,30.5,57.099998474121094,0
189,30.399999618530273,56.20000076293945,0
198,30.299999237060547,55.20000076293945,0
201,30,54.20000076293945,1
198,30.299999237060547,53.29999923706055,0
185,30.299999237060547,53.900001525878906,0
198,29.799999237060547,54.20000076293945,0
196,30.200000762939453,55.099998474121094,0
196,30.399999618530273,55.400001525878906,0
199,30.600000381469727,54.79999923706055,0
197,30.700000762939453,55.79999923706055,0
184,30.799999237060547,55.70000076293945,0
194,31,54.79999923706055,0
189,30.799999237060547,54.400001525878906,0
190,30.399999618530273,53.599998474121094,0
178,30.200000762939453,52.79999923706055,0
192,30.200000762939453,53.099998474121094,0
207,30,52.20000076293945,1
208,30.399999618530273,51.400001525878906,1
211,30.100000381469727,52.400001525878906,1
214,30.5,53.29999923706055,1
217,30.799999237060547,53.400001525878906,1
230,31.200000762939453,52.70000076293945,1
244,30.799999237060547,53.29999923706055,1
241,31.200000762939453,53.900001525878906,1
234,31.299999237060547,53,1
232,30.899999618530273,54,1
232,30.600000381469727,53.900001525878906,1
219,30.200000762939453,53.599998474121094,1
205,30.5,52.79999923706055,1
196,30.600000381469727,52.70000076293945,0
184,30.299999237060547,52.099998474121094,0
178,30,51.79999923706055,0
176,29.899999618530273,51.79999923706055,0
183,30.100000381469727,52.20000076293945,0
169,30.399999618530273,51.79999923706055,0
169,30.299999237060547,52.400001525878906,0
179,30,52.79999923706055,0
177,29.799999237060547,53.20000076293945,0
180,29.399999618530273,52.400001525878906,0
179,29.600000381469727,52.400001525878906,0
182,29.799999237060547,52.5,0
173,29.899999618530273,52.29999923706055,0
175,29.700000762939453,52.20000076293945,0
181,30.200000762939453,53.099998474121094,0
190,29.899999618530273,52.5,0
193,30,52.099998474121094,0
190,29.5,53,0
198,29.700000762939453,52.20000076293945,0
197,29.299999237060547,52.20000076293945,0
209,29,52.900001525878906,1
212,29,53.599998474121094,1
221,28.700000762939453,53.900001525878906,1
234,29.200000762939453,54.599998474121094,1
231,29.600000381469727,55,1
241,29.5,55,1
228,29.399999618530273,55.400001525878906,1
241,29.5,55,1
237,29.399999618530273,54.20000076293945,1
229,29.799999237060547,54.099998474121094,1
224,30,54.20000076293945,1
235,29.5,54.900001525878906,1
250,29.200000762939453,55.20000076293945,1
244,29.5,56.099998474121094,1
232,29.399999618530273,56.599998474121094,1
235,29.700000762939453,57.20000076293945,1
239,29.600000381469727,56.70000076293945,1
246,30.100000381469727,57.400001525878906,1
258,30.200000762939453,57.400001525878906,1
270,30,57,1
263,30.100000381469727,56,1
258,29.799999237060547,55.5,1
264,29.799999237060547,56.099998474121094,1
266,30.299999237060547,56.900001525878906,1
260,30.799999237060547,55.900001525878906,1
260,31.299999237060547,56.5,1
274,31.200000762939453,57.29999923706055,1
267,31.399999618530273,58.20000076293945,1
266,31.700000762939453,57.5,1
266,31.399999618530273,58.099998474121094,1
255,31.200000762939453,57.5,1
250,31.100000381469727,57.400001525878906,1
251,30.899999618530273,56.599998474121094,1
248,30.899999618530273,56,1
238,30.700000762939453,55.599998474121094,1
248,31.100000381469727,54.599998474121094,1
252,30.700000762939453,55.599998474121094,1
264,30.799999237060547,56.599998474121094,1
276,31.200000762939453,57.099998474121094,1
190,27.899999618530273,55.900001525878906,0
197,27.799999237060547,55.79999923706055,0
186,27.700000762939453,55.599998474121094,0
171,28.200000762939453,55.099998474121094,0
169,27.899999618530273,56.099998474121094,0
175,27.399999618530273,56,0
170,27.700000762939453,55.70000076293945,0
190,27.899999618530273,55.599998474121094,0
205,28.299999237060547,54.599998474121094,1
199,28.100000381469727,53.900001525878906,0
186,27.700000762939453,54.70000076293945,0
187,27.799999237060547,55.599998474121094,0
189,28,54.599998474121094,0
201,27.899999618530273,54.900001525878906,1
191,27.399999618530273,55.099998474121094,0
188,27.899999618530273,54.29999923706055,0
200,28.200000762939453,53.29999923706055,1
214,27.899999618530273,53.900001525878906,1
219,27.899999618530273,54.70000076293945,1
231,28.299999237060547,54,1
222,28.100000381469727,54.099998474121094,1
236,27.700000762939453,54.5,1
248,27.399999618530273,55.5,1
238,27.700000762939453,54.900001525878906,1
251,27.200000762939453,54.29999923706055,1
246,27.5,53.599998474121094,1
235,27.899999618530273,53.400001525878906,1
230,27.600000381469727,53,1
227,27.399999618530273,52.900001525878906,1
221,27.200000762939453,53.5,1
213,27.200000762939453,52.599998474121094,1
201,26.799999237060547,51.900001525878906,1
213,27,51.79999923706055,1
204,26.899999618530273,52,1
212,27,51.29999923706055,1
217,27.100000381469727,52.099998474121094,1
220,27.100000381469727,52.70000076293945,1
222,26.899999618530273,53.29999923706055,1
215,26.600000381469727,52.900001525878906,1
211,26.100000381469727,52.5,1
212,26.200000762939453,52.29999923706055,1
245,33.599998474121094,55,1
261,33.5,55,1
260,33.400001525878906,55,1
260,33.79999923706055,55,1
259,33.79999923706055,55,1
261,33.400001525878906,55,1
260,33.70000076293945,55,1
261,33.099998474121094,55,1
260,33.29999923706055,55,1
260,33.5,55,1
261,33.29999923706055,55,1
261,33.20000076293945,55,1
261,33.70000076293945,55,1
259,33.099998474121094,55,1
260,33.599998474121094,55,1
260,33.5,55,1
261,33.400001525878906,55,1
261,33.900001525878906,55,1
260,33.20000076293945,55,1
264,33.70000076293945,55,1
261,33.099998474121094,55,1
261,33.5,55,1
259,33.400001525878906,55,1
260,33.79999923706055,55,1
261,33.70000076293945,55,1
257,33.20000076293945,55,1
259,33.5,55,1
258,33.400001525878906,55,1
259,33.79999923706055,55,1
260,33.70000076293945,55,1
259,33.099998474121094,55,1
260,33.5,55,1
260,33.29999923706055,55,1
260,33.29999923706055,55,1
261,33.400001525878906,55,1
259,33.79999923706055,55,1
260,33.70000076293945,55,1
261,33.099998474121094,55,1
261,33.900001525878906,55,1
261,33.29999923706055,55,1
261,33.70000076293945,55,1
261,33.400001525878906,55,1
261,33.900001525878906,55,1
261,33.5,55,1
261,33.599998474121094,55,1
260,33.70000076293945,55,1
261,33.29999923706055,55,1
261,33.5,55,1
261,33.79999923706055,55,1
260,33.20000076293945,55,1
260,33.5,55,1
261,33.5,55,1
261,33.79999923706055,55,1
261,33.20000076293945,55,1
261,33.599998474121094,55,1
266,33.79999923706055,55,1
263,33.79999923706055,55,1
261,33.79999923706055,55,1
257,33.79999923706055,55,1
260,33,55,1
260,33.400001525878906,55,1
260,33.79999923706055,55,1
261,33.099998474121094,55,1
261,33.5,55,1
259,33.599998474121094,55,1
261,33.79999923706055,55,1
260,33,55,1
261,33.900001525878906,55,1
263,33.5,55,1
261,33.599998474121094,55,1
260,33.70000076293945,55,1
261,33.5,55,1
261,33.5,55,1
260,33.70000076293945,55,1
260,33.20000076293945,55,1
260,33.70000076293945,55,1
261,33.400001525878906,55,1
261,33,55,1
260,33.099998474121094,55,1
262,33.599998474121094,55,1
259,33.79999923706055,55,1
260,33.79999923706055,55,1
262,33.79999923706055,55,1
261,33.70000076293945,55,1
260,33.29999923706055,56,1
261,33.400001525878906,56,1
262,33.70000076293945,55,1
261,33.29999923706055,55,1
263,33.29999923706055,55,1
263,33.29999923706055,55,1
262,33.400001525878906,55,1
261,33.900001525878906,55,1
261,33.5,55,1
260,33.5,55,1
259,33.70000076293945,56,1
260,33.099998474121094,55,1
260,33.70000076293945,55,1
261,33.29999923706055,56,1
261,33.29999923706055,56,1
262,33.599998474121094,56,1
260,33.29999923706055,56,1
261,33.599998474121094,56,1
261,33.5,56,1
260,33.099998474121094,56,1
260,33.79999923706055,56,1
261,33.5,55,1
262,33.400001525878906,55,1
262,33.79999923706055,55,1
263,33.900001525878906,55,1
262,33.400001525878906,55,1
262,33.900001525878906,55,1
263,33.400001525878906,55,1
263,33,55,1
262,33.900001525878906,55,1
262,33.5,55,1
264,33.70000076293945,56,1
264,33.70000076293945,55,1
263,33.20000076293945,55,1
264,33.79999923706055,55,1
265,33.599998474121094,56,1
265,33.400001525878906,56,1
263,33.5,55,1
265,33.599998474121094,55,1
264,33.599998474121094,55,1
263,33.70000076293945,55,1
263,33.20000076293945,55,1
264,33.79999923706055,55,1
265,33.099998474121094,55,1
265,33.599998474121094,55,1
264,33.599998474121094,55,1
264,33.599998474121094,56,1
264,33.099998474121094,56,1
265,33.099998474121094,55,1
265,33.5,56,1
264,33,56,1
265,33.599998474121094,56,1
265,33.400001525878906,56,1
265,33.5,56,1
265,33.20000076293945,55,1
266,33.70000076293945,55,1
264,33.20000076293945,55,1
264,33.70000076293945,55,1
264,33.20000076293945,56,1
266,33.29999923706055,56,1
266,33.5,56,1
266,33,56,1
265,33.5,55,1
266,33.400001525878906,56,1
265,33.599998474121094,56,1
265,33.29999923706055,56,1
266,33.5,56,1
267,33,56,1
266,33.70000076293945,56,1
268,33.400001525878906,56,1
271,33.599998474121094,56,1
270,33.5,56,1
267,33.900001525878906,56,1
269,33.79999923706055,56,1
268,33,56,1
268,33.599998474121094,56,1
269,33,56,1
268,33.099998474121094,56,1
270,33.900001525878906,56,1
270,33.79999923706055,56,1
270,33,56,1
269,33.29999923706055,56,1
270,33.70000076293945,56,1
277,33.900001525878906,56,1
272,33.599998474121094,56,1
277,33.20000076293945,56,1
175,0.800000011920929,0,0
304,33.400001525878906,56,1
275,33,56,1
274,33.79999923706055,56,1
272,33.29999923706055,56,1
272,33.29999923706055,56,1
270,33.599998474121094,56,1
270,33.099998474121094,56,1
269,33.70000076293945,56,1
267,33.099998474121094,56,1
268,33.20000076293945,56,1
265,33.20000076293945,56,1
264,33.599998474121094,56,1
279,33.099998474121094,56,1
267,33.599998474121094,56,1
267,33.29999923706055,56,1
267,33.599998474121094,56,1
264,33.900001525878906,56,1
260,33.599998474121094,56,1
264,33.79999923706055,56,1
268,33.79999923706055,56,1
270,33.400001525878906,56,1
266,33.599998474121094,56,1
266,33.29999923706055,56,1
264,33.599998474121094,56,1
270,33.900001525878906,56,1
0,0,0,2
0,0,0,2
0,0,0,2
0,0,0,2
0,0,0,2
0,0,0,2
0,0,0,2
0,0,0,2
0,0,0,2
0,0,0,2
0,0,0,2
0,0,0,2
0,0,0,2
0,0,0,2
0,0,0,2
0,0,0,2
0,0,0,2
0,0,0,2
0,0,0,2
0,0,0,2
0,0,0,2
0,0,0,2
0,0,0,2
0,0,0,2
0,0,0,2
0,0,0,2
0,0,0,2
0,0,0,2
0,0,0,2
0,0,0,2
0,0,0,2
0,0,0,2
0,0,0,2
0,0,0,2
0,0,0,2
0,0,0,2
0,0,0,2
0,0,0,2
0,0,0,2
0,0,0,2
0,0,0,2
0,0,0,2
0,0,0,2
0,0,0,2
0,0,0,2
0,0,0,2
0,0,0,2
0,0,0,2
0,0,0,2
0,0,0,2
0,0,0,2
0,0,0,2
0,0,0,2
0,0,0,2
0,0,0,2
0,0,0,2
0,0,0,2
0,0,0,2
0,0,0,2
0,0,0,2
0,0,0,2
0,0,0,2
0,0,0,2
0,0,0,2
0,0,0,2
0,0,0,2
0,0,0,2
0,0,0,2
0,0,0,2
0,0,0,2
0,0,0,2
0,0,0,2
0,0,0,2
0,0,0,2
0,0,0,2
0,0,0,2
0,0,0,2
0,0,0,2
0,0,0,2
0,0,0,2
0,0,0,2
0,0,0,2
0,0,0,2
0,0,0,2
0,0,0,2
0,0,0,2
0,0,0,2
0,0,0,2
0,0,0,2
0,0,0,2
0,0,0,2
0,0,0,2
0,0,0,2
0,0,0,2
0,0,0,2
0,0,0,2
0,0,0,2
0,0,0,2
0,0,0,2
0,0,0,2
0,0,0,2
0,0,0,2
0,0,0,2
0,0,0,2
0,0,0,2
0,0,0,2
0,0,0,2
0,0,0,2
0,0,0,2
0,0,0,2
0,0,0,2
0,0,0,2
0,0,0,2
0,0,0,2
0,0,0,2
0,0,0,2
0,0,0,2
0,0,0,2
0,0,0,2
0,0,0,2
0,0,0,2
0,0,0,2
0,0,0,2
0,0,0,2
0,0,0,2
0,0,0,2
0,0,0,2
0,0,0,2
0,0,0,2
0,0,0,2
0,0,0,2
0,0,0,2
0,0,0,2
0,0,0,2
0,0,0,2
0,0,0,2
0,0,0,2
0,0,0,2
0,0,0,2
0,0,0,2
0,0,0,2
0,0,0,2
0,0,0,2
0,0,0,2
0,0,0,2
0,0,0,2
0,0,0,2
0,0,0,2
0,0,0,2
0,0,0,2
0,0,0,2
0,0,0,2
267,0.699999988079071,0,1
279,33.400001525878906,56,1
271,33.70000076293945,56,1
274,33.5,56,1
267,33,56,1
265,33.79999923706055,56,1
265,33.099998474121094,56,1
264,33.5,56,1
261,33.099998474121094,56,1
260,33,56,1
260,33.400001525878906,56,1
260,33.599998474121094,56,1
261,33.900001525878906,56,1
260,33.70000076293945,56,1
259,33.400001525878906,56,1
260,33.5,56,1
261,33.099998474121094,56,1
261,33.5,56,1
261,33.599998474121094,56,1
261,33.29999923706055,56,1
262,33.5,56,1
262,33,56,1
261,33.599998474121094,56,1
261,33.400001525878906,56,1
260,33.79999923706055,56,1
260,33,56,1
261,33.400001525878906,56,1
261,33.70000076293945,56,1
261,33.599998474121094,56,1
264,33.400001525878906,56,1
262,33.79999923706055,56,1
262,33.29999923706055,56,1
261,33.5,56,1
262,33.20000076293945,56,1
261,33.599998474121094,56,1
263,33.400001525878906,56,1
263,33.70000076293945,56,1
265,33.599998474121094,56,1
261,33.599998474121094,56,1
262,33,56,1
264,33.29999923706055,56,1
265,33.5,56,1
265,33.29999923706055,56,1
264,33.5,56,1
265,33.099998474121094,56,1
262,33.900001525878906,56,1
262,33.5,56,1
264,33.20000076293945,56,1
263,33.5,56,1
263,33.29999923706055,56,1
264,33.599998474121094,56,1
265,33,56,1
264,33.20000076293945,56,1
263,33.599998474121094,56,1
264,33,56,1
267,33.29999923706055,56,1
266,33.70000076293945,56,1
263,33.5,56,1
264,33.099998474121094,56,1
264,33.900001525878906,56,1
265,33.70000076293945,56,1
265,33.20000076293945,56,1
265,33.400001525878906,56,1
265,33.70000076293945,56,1
265,33.20000076293945,56,1
265,33.5,56,1
265,33,56,1
265,33.400001525878906,56,1
265,33.599998474121094,56,1
266,33.400001525878906,56,1
267,33.70000076293945,56,1
267,33.599998474121094,56,1
267,33.29999923706055,56,1
266,33.400001525878906,56,1
266,33.599998474121094,56,1
267,33.29999923706055,56,1
267,33.400001525878906,56,1
267,33.5,56,1
267,33,56,1
267,33.79999923706055,56,1
267,33.29999923706055,56,1
268,33.599998474121094,56,1
268,33.70000076293945,56,1
266,33.29999923706055,56,1
266,33.400001525878906,56,1
266,33.5,56,1
265,33,56,1
267,33.5,56,1
267,33.900001525878906,56,1
268,33,56,1
267,33.70000076293945,56,1
267,33.5,56,1
268,33.79999923706055,56,1
270,33.70000076293945,56,1
269,33.5,56,1
268,33.900001525878906,56,1
267,33.79999923706055,56,1
268,33,56,1
268,33.599998474121094,56,1
267,33.400001525878906,56,1
268,33.599998474121094,56,1
267,33,56,1
268,33.400001525878906,56,1
267,33.599998474121094,56,1
269,33.79999923706055,56,1
269,33.5,56,1
268,33.79999923706055,56,1
268,33.599998474121094,56,1
268,33.900001525878906,56,1
270,33.599998474121094,56,1
269,33.400001525878906,56,1
267,33.599998474121094,56,1
269,33.5,56,1
268,33,56,1
268,33.599998474121094,56,1
268,33.70000076293945,56,1
269,33.79999923706055,56,1
270,33.29999923706055,56,1
267,33.5,56,1
269,33.79999923706055,56,1
268,33.20000076293945,56,1
268,33.400001525878906,56,1
269,33.5,56,1
268,33.900001525878906,56,1
269,33.29999923706055,56,1
267,33.5,56,1
268,33.099998474121094,56,1
267,33.79999923706055,56,1
268,33.5,56,1
267,33.900001525878906,56,1
267,33.20000076293945,56,1
267,33.29999923706055,56,1
268,33.400001525878906,56,1
267,33.5,56,1
268,33,56,1
268,33.79999923706055,56,1
267,33.5,56,1
267,33,56,1
268,33.29999923706055,56,1
268,33.5,56,1
267,33.099998474121094,56,1
266,33.5,56,1
266,33.099998474121094,56,1
267,33.79999923706055,56,1
267,33.900001525878906,56,1
266,33.5,56,1
266,33.20000076293945,56,1
266,33.70000076293945,56,1
266,33.29999923706055,56,1
266,33.70000076293945,56,1
265,33.29999923706055,56,1
266,33.70000076293945,56,1
267,33.20000076293945,56,1
265,33.599998474121094,56,1
265,33.20000076293945,56,1
268,33.599998474121094,56,1
267,33,56,1
271,33.900001525878906,56,1
267,33.5,56,1
267,33.099998474121094,56,1
267,33.599998474121094,56,1
266,33.400001525878906,56,1
269,33.79999923706055,56,1
267,33.900001525878906,56,1
265,33.70000076293945,56,1
265,33.29999923706055,56,1
269,33.20000076293945,56,1
267,33.099998474121094,56,1
265,33.099998474121094,56,1
265,33.099998474121094,56,1
268,33.70000076293945,56,1
266,33.400001525878906,56,1
268,33.20000076293945,56,1
268,33.599998474121094,56,1
266,33,56,1
266,33.29999923706055,56,1
267,33.20000076293945,56,1
267,33,56,1
266,33.29999923706055,56,1
265,33.70000076293945,56,1
266,33.29999923706055,56,1
269,33.79999923706055,56,1
268,33.29999923706055,56,1
269,33.099998474121094,56,1
269,33.79999923706055,56,1
269,33.099998474121094,56,1
268,33.5,56,1
268,33.29999923706055,56,1
268,33.400001525878906,56,1
267,33.5,56,1
267,33.5,56,1
266,33.20000076293945,56,1
266,33.5,56,1
267,33.099998474121094,56,1
267,33,56,1
266,33.29999923706055,56,1
265,33.599998474121094,56,1
265,33.900001525878906,56,1
265,33.79999923706055,56,1
264,33.099998474121094,56,1
267,33.099998474121094,56,1
268,33,56,1
267,33.70000076293945,56,1
205,36.599998474121094,42,1
210,36.79999923706055,42,1
209,36.20000076293945,42,1
209,36.099998474121094,42,1
208,36.900001525878906,42,1
208,36.099998474121094,42,1
208,36.70000076293945,43,1
208,35.099998474121094,43,1
207,35.29999923706055,43,1
208,35.400001525878906,43,1
207,35.20000076293945,44,1
207,35.70000076293945,44,1
206,35,44,1
212,35.79999923706055,44,1
248,35.70000076293945,45,1
246,35.5,45,1
270,35.599998474121094,46,1
249,35.79999923706055,49,1
235,35.400001525878906,50,1
229,35.900001525878906,49,1
226,35.900001525878906,49,1
223,35.70000076293945,49,1
220,35,49,1
220,35.900001525878906,48,1
216,35.400001525878906,48,1
218,35.79999923706055,48,1
220,35.20000076293945,48,1
218,35.20000076293945,48,1
218,35.29999923706055,48,1
219,35.900001525878906,48,1
227,35.5,48,1
230,35.099998474121094,48,1
233,35.400001525878906,48,1
234,35.900001525878906,48,1
235,35.099998474121094,48,1
238,35,48,1
239,34,49,1
238,34,49,1
243,34,49,1
240,34.79999923706055,49,1
241,34.79999923706055,49,1
240,34.900001525878906,49,1
238,34.900001525878906,49,1
244,34.70000076293945,49,1
243,34.29999923706055,49,1
245,34.70000076293945,49,1
245,34.900001525878906,49,1
246,34.20000076293945,50,1
247,34.29999923706055,50,1
245,34.599998474121094,50,1
242,34.70000076293945,50,1
242,34.099998474121094,50,1
243,34,50,1
244,34,50,1
245,34.29999923706055,50,1
250,34.79999923706055,50,1
248,34.900001525878906,50,1
245,34.599998474121094,50,1
246,34.70000076293945,50,1
250,34,50,1
251,34.20000076293945,51,1
255,34.29999923706055,51,1
251,34.79999923706055,51,1
254,34.5,51,1
252,34.29999923706055,51,1
255,34.70000076293945,51,1
249,34.79999923706055,51,1
252,34.29999923706055,51,1
251,34.79999923706055,51,1
252,34.5,51,1
255,34.79999923706055,51,1
259,34.599998474121094,51,1
259,33.099998474121094,52,1
261,33.400001525878906,52,1
262,33.599998474121094,52,1
262,33,52,1
261,33.70000076293945,52,1
260,33.599998474121094,52,1
259,33.29999923706055,52,1
261,33.599998474121094,52,1
266,33.099998474121094,52,1
264,33.29999923706055,52,1
265,33.20000076293945,52,1
265,33.79999923706055,52,1
265,33.099998474121094,52,1
262,33.20000076293945,52,1
264,33.599998474121094,52,1
262,33.400001525878906,52,1
261,33.79999923706055,52,1
265,33.099998474121094,52,1
265,33.099998474121094,52,1
263,33.900001525878906,52,1
267,33.5,52,1
266,33.5,53,1
268,33.5,53,1
270,33.70000076293945,53,1
269,33.900001525878906,53,1
270,33.70000076293945,53,1
272,33.599998474121094,53,1
272,33.20000076293945,53,1
273,33.20000076293945,53,1
268,33.29999923706055,53,1
268,33,53,1
272,33.5,53,1
271,33.400001525878906,53,1
273,33.5,53,1
275,33.20000076293945,53,1
276,33.5,53,1
276,33.099998474121094,53,1
272,33.5,53,1
275,33.099998474121094,53,1
276,33.29999923706055,53,1
275,33.5,53,1
276,33.70000076293945,53,1
276,33.599998474121094,53,1
278,33.400001525878906,53,1
277,33.20000076293945,53,1
277,33.5,53,1
279,33.5,53,1
278,33.29999923706055,53,1
278,33.099998474121094,53,1
280,33.70000076293945,53,1
280,33.79999923706055,53,1
280,33.29999923706055,53,1
280,33.79999923706055,53,1
282,33.099998474121094,53,1
282,33.79999923706055,54,1
282,33.599998474121094,54,1
283,33.70000076293945,54,1
282,33,54,1
282,33.29999923706055,54,1
284,33.900001525878906,54,1
283,33.900001525878906,54,1
283,33.900001525878906,54,1
282,33.099998474121094,54,1
285,33.900001525878906,54,1
284,33.900001525878906,54,1
286,33.900001525878906,54,1
286,33.599998474121094,54,1
285,33.099998474121094,54,1
285,33.900001525878906,54,1
286,33,54,1
287,33.20000076293945,54,1
287,33.29999923706055,54,1
286,33.70000076293945,54,1
288,33.70000076293945,54,1
287,33.599998474121094,54,1
289,33.29999923706055,54,1
288,33.5,54,1
290,33.5,54,1
289,33.900001525878906,54,1
287,33.29999923706055,54,1
287,33.79999923706055,54,1
286,33.5,54,1
288,33.900001525878906,54,1
289,33.5,54,1
289,33,54,1
289,33.900001525878906,54,1
288,33.900001525878906,54,1
287,33.20000076293945,54,1
286,33.599998474121094,54,1
289,33.099998474121094,54,1
290,33.20000076293945,54,1
290,33.599998474121094,54,1
290,33.5,54,1
291,33,54,1
291,33.20000076293945,54,1
292,33.599998474121094,54,1
290,33.29999923706055,54,1
290,33.900001525878906,54,1
291,33.79999923706055,54,1
289,33.400001525878906,54,1
291,33.20000076293945,54,1
290,33.5,54,1
291,33,54,1
292,33.20000076293945,54,1
291,33.400001525878906,54,1
290,33.29999923706055,54,1
291,33.099998474121094,54,1
294,33.099998474121094,54,1
293,33.29999923706055,54,1
293,33.5,54,1
293,33.29999923706055,54,1
292,33,54,1
291,33.400001525878906,54,1
289,33.20000076293945,54,1
292,33.599998474121094,54,1
292,33.599998474121094,54,1
293,33.5,54,1
291,33.099998474121094,54,1
294,33.599998474121094,54,1
295,33.5,54,1
293,33.099998474121094,54,1
295,33.20000076293945,54,1
296,33.400001525878906,54,1
296,33.900001525878906,54,1
295,33.900001525878906,54,1
294,33.79999923706055,54,1
294,33.70000076293945,54,1
296,33.79999923706055,55,1
296,33.900001525878906,55,1
296,33.400001525878906,55,1
298,33.79999923706055,55,1
296,33.900001525878906,55,1
297,33.29999923706055,55,1
297,33.400001525878906,55,1
295,33.900001525878906,55,1
296,33.400001525878906,55,1
297,33.79999923706055,55,1
297,33.79999923706055,55,1
297,33.79999923706055,55,1
299,33.70000076293945,55,1
299,33.29999923706055,55,1
299,33.20000076293945,55,1
298,33.599998474121094,55,1
298,33.400001525878906,55,1
300,33.79999923706055,55,1
299,33.099998474121094,55,1
300,33.400001525878906,55,1
300,33.79999923706055,55,1
302,33.400001525878906,55,1
301,33.79999923706055,55,1
300,33.599998474121094,55,1
300,33.599998474121094,55,1
299,33.400001525878906,55,1
296,33.400001525878906,55,1
300,33.5,55,1
301,33.900001525878906,55,1
297,33.400001525878906,55,1
299,33.70000076293945,55,1
300,33.29999923706055,55,1
298,33.099998474121094,55,1
299,33.099998474121094,55,1
300,33.5,55,1
300,33.20000076293945,55,1
303,33.400001525878906,55,1
300,33.70000076293945,55,1
301,33.70000076293945,55,1
300,33.79999923706055,55,1
299,33.400001525878906,55,1
298,33.5,55,1
301,33.29999923706055,55,1
300,33.900001525878906,55,1
301,33.099998474121094,55,1
300,33.400001525878906,55,1
300,33.79999923706055,55,1
299,33,55,1
301,33.29999923706055,55,1
300,33.29999923706055,55,1
303,33,55,1
302,33.70000076293945,55,1
301,33.20000076293945,55,1
299,33.20000076293945,55,1
301,33.29999923706055,55,1
299,33.20000076293945,55,1
302,33.599998474121094,55,1
301,33.5,55,1
300,33.5,55,1
302,33.400001525878906,55,1
302,33.29999923706055,55,1
298,33.29999923706055,55,1
300,33.70000076293945,55,1
301,33.099998474121094,55,1
301,33.599998474121094,55,1
300,33.29999923706055,55,1
301,33.20000076293945,55,1
302,33.70000076293945,55,1
302,33.099998474121094,55,1
303,33.5,55,1
302,33,55,1
302,33.29999923706055,55,1
303,33.099998474121094,55,1
302,33.5,55,1
303,33.400001525878906,55,1
303,33.599998474121094,55,1
302,33.900001525878906,55,1
302,33.29999923706055,55,1
302,33.70000076293945,55,1
304,33.099998474121094,55,1
303,33,55,1
302,33.70000076293945,55,1
302,33.099998474121094,55,1
302,33.79999923706055,55,1
303,33.099998474121094,55,1
301,33.099998474121094,55,1
303,33.29999923706055,55,1
304,33.70000076293945,55,1
302,33,55,1
302,33.29999923706055,55,1
305,33.5,55,1
304,33.79999923706055,55,1
304,33.599998474121094,55,1
305,33.20000076293945,55,1
305,33.20000076293945,55,1
302,33,55,1
304,33.20000076293945,55,1
305,33.400001525878906,55,1
305,33.099998474121094,55,1
304,33.900001525878906,55,1
305,33.099998474121094,55,1
305,33.29999923706055,55,1
305,33.20000076293945,55,1
305,33.900001525878906,55,1
305,33.70000076293945,55,1
303,33.70000076293945,55,1
303,33.5,55,1
306,33.29999923706055,55,1
305,33.099998474121094,55,1
306,33.29999923706055,55,1
306,33.70000076293945,55,1
306,33.29999923706055,55,1
305,33.5,55,1
304,33.900001525878906,55,1
309,33.70000076293945,55,1
304,33.5,55,1
306,33.099998474121094,55,1
306,33.400001525878906,55,1
306,33.20000076293945,55,1
306,33,55,1
306,33.20000076293945,55,1
306,33.099998474121094,55,1
304,33.29999923706055,55,1
302,33.5,55,1
303,33.599998474121094,55,1
304,33.29999923706055,55,1
306,33.599998474121094,55,1
306,33.79999923706055,55,1
306,33,55,1
305,33.900001525878906,55,1
306,33.599998474121094,55,1
307,33.900001525878906,55,1
306,33.70000076293945,55,1
304,33.400001525878906,55,1
306,33,55,1
306,33.099998474121094,55,1
307,33.79999923706055,55,1
307,33.400001525878906,55,1
307,33,55,1
307,33.099998474121094,55,1
305,33.70000076293945,55,1
305,33.29999923706055,55,1
307,33.400001525878906,55,1
307,33.20000076293945,55,1
308,33.900001525878906,55,1
308,33.599998474121094,55,1
308,33.79999923706055,55,1
305,33.900001525878906,55,1
305,33.599998474121094,55,1
305,33.79999923706055,55,1
305,33.79999923706055,55,1
307,33.900001525878906,55,1
306,33.599998474121094,55,1
305,33.20000076293945,55,1
306,33.79999923706055,55,1
306,33,55,1
305,33.900001525878906,55,1
306,33.5,55,1
306,33.099998474121094,55,1
308,33.29999923706055,55,1
308,33.099998474121094,55,1
307,33.70000076293945,55,1
305,33.599998474121094,55,1
305,33.70000076293945,55,1
306,33.099998474121094,55,1
305,33.79999923706055,55,1
304,33.599998474121094,55,1
307,33.900001525878906,55,1
306,33.400001525878906,55,1
305,33,55,1
304,33.20000076293945,55,1
306,33,55,1
306,33.900001525878906,55,1
307,33.70000076293945,55,1
307,33.400001525878906,55,1
309,33.099998474121094,55,1
308,33.79999923706055,55,1
306,33.900001525878906,55,1
308,33.599998474121094,55,1
304,33.900001525878906,55,1
305,33.5,55,1
307,33.29999923706055,55,1
308,33.5,55,1
308,33.900001525878906,55,1
309,33.5,55,1
308,33.29999923706055,55,1
308,33.29999923706055,55,1
307,33.599998474121094,55,1
150,27.5,58,0
180,28,60.20000076293945,0
220,29.100000381469727,62.5,1
310,30,65,1
450,31.200000762939453,68.30000305175781,2
380,30.5,64.0999984741211,1
190,28.799999237060547,59.70000076293945,0
80,34.900001525878906,40,0
73,34.599998474121094,40,0
71,34.400001525878906,40,0
80,34.5,39,0
71,34.900001525878906,39,0
72,34.400001525878906,39,0
79,34.20000076293945,39,0
68,34,39,0
75,34.900001525878906,39,0
73,34.70000076293945,39,0
72,34.29999923706055,39,0
83,34.400001525878906,39,0
69,34.20000076293945,39,0
78,34.400001525878906,39,0
73,34.5,39,0
69,34.29999923706055,39,0
81,34.900001525878906,39,0
68,34.79999923706055,39,0
40,34.099998474121094,28,0
53,34.20000076293945,28,0
61,35.20000076293945,27,0
54,34.70000076293945,27,0
52,34.5,28,0
53,35.79999923706055,27,0
51,34.20000076293945,27,0
61,34.599998474121094,28,0
54,34.599998474121094,28,0
56,34.79999923706055,28,0
49,34.79999923706055,28,0
55,34.900001525878906,28,0
56,34.599998474121094,28,0
58,34.599998474121094,28,0
56,34.599998474121094,28,0
47,34.400001525878906,29,0
58,34.70000076293945,29,0
54,34.20000076293945,28,0
62,34.5,28,0
48,34.79999923706055,29,0
53,34.20000076293945,28,0
55,34.79999923706055,28,0
49,34.900001525878906,28,0
64,34.70000076293945,28,0
48,34.400001525878906,28,0
53,34.20000076293945,28,0
51,34.900001525878906,27,0
60,34.29999923706055,27,0
53,35,27,0
52,34.70000076293945,27,0
52,34,27,0
52,34.5,28,0
62,34.79999923706055,28,0
51,34.70000076293945,28,0
55,34.29999923706055,28,0
48,34.400001525878906,28,0
57,34.29999923706055,28,0
57,34.400001525878906,28,0
55,34.900001525878906,27,0
52,34.20000076293945,27,0
47,34.29999923706055,27,0
60,34.400001525878906,27,0
54,34.599998474121094,27,0
57,34.099998474121094,28,0
48,34,28,0
54,35.099998474121094,27,0
55,35.400001525878906,28,0
56,35.5,27,0
53,35.099998474121094,27,0
49,35.099998474121094,27,0
57,35.20000076293945,26,0
54,35.5,26,0
55,35.70000076293945,26,0
50,35.099998474121094,26,0
55,35.79999923706055,26,0
55,35.79999923706055,26,0
53,34.29999923706055,26,0
54,34.900001525878906,27,0
52,34.5,29,0
60,34.70000076293945,28,0
51,34.400001525878906,28,0
54,34.099998474121094,28,0
49,34,28,0
59,34.5,27,0
55,34.79999923706055,27,0
50,35.900001525878906,27,0
53,35.400001525878906,27,0
53,35.400001525878906,28,0
61,35.5,28,0
47,35.29999923706055,29,0
54,35.900001525878906,29,0
52,35.400001525878906,28,0
61,35.29999923706055,28,0
52,35.5,28,0
51,35.5,28,0
56,35.599998474121094,28,0
55,35.599998474121094,27,0
56,35.900001525878906,27,0
46,35.79999923706055,27,0
57,35.099998474121094,27,0
54,35.29999923706055,27,0
58,35.5,28,0
49,35.099998474121094,28,0
52,35.400001525878906,28,0
60,35.400001525878906,28,0
55,35.5,28,0
55,35.599998474121094,28,0
47,35.900001525878906,27,0
59,35.70000076293945,27,0
55,35.20000076293945,27,0
58,35.900001525878906,27,0
49,35.70000076293945,27,0
52,35,28,0
58,35.400001525878906,27,0
56,35.5,28,0
57,35.400001525878906,28,0
46,35.29999923706055,28,0
58,35.29999923706055,28,0
54,35.5,28,0
58,35.79999923706055,29,0
49,35.79999923706055,30,0
53,35.29999923706055,29,0
59,34.599998474121094,29,0
53,34.099998474121094,28,0
54,34.099998474121094,28,0
52,34.900001525878906,28,0
60,34.599998474121094,27,0
51,34.20000076293945,28,0
54,34.900001525878906,29,0
53,34.29999923706055,29,0
58,34.400001525878906,28,0
54,34.099998474121094,29,0
51,34.900001525878906,28,0
57,34.5,27,0
55,34.79999923706055,27,0
54,34.099998474121094,27,0
50,34,28,0
59,34.20000076293945,27,0
53,34.20000076293945,27,0
52,34.099998474121094,27,0
56,34.5,28,0
54,34.29999923706055,28,0
54,34.099998474121094,27,0
52,34.29999923706055,27,0
58,34.900001525878906,28,0
50,34.400001525878906,29,0
54,34.900001525878906,28,0
55,34,28,0
54,34,27,0
54,34.599998474121094,27,0
53,34.29999923706055,27,0
59,34.599998474121094,27,0
49,34,27,0
56,34.79999923706055,28,0
55,34.099998474121094,28,0
38,34.79999923706055,28,0
56,34.20000076293945,28,0
54,34.5,29,0
50,34.900001525878906,28,0
58,34.20000076293945,28,0
53,34.29999923706055,28,0
54,34.20000076293945,27,0
52,34.099998474121094,27,0
58,34.79999923706055,27,0
53,34.900001525878906,27,0
51,34.099998474121094,27,0
57,34.900001525878906,27,0
55,34.400001525878906,27,0
55,34.599998474121094,27,0
48,34.900001525878906,27,0
56,34.400001525878906,27,0
55,34.099998474121094,27,0
55,34.79999923706055,27,0
52,34.20000076293945,27,0
50,34.20000076293945,27,0
59,34.400001525878906,27,0
54,34.5,27,0
55,34.79999923706055,27,0
53,34.5,27,0
57,34.900001525878906,27,0
56,34,27,0
53,34.79999923706055,27,0
52,34.29999923706055,27,0
53,34.29999923706055,27,0
60,34.400001525878906,27,0
54,34.70000076293945,28,0
54,34.400001525878906,28,0
52,34.29999923706055,28,0
58,34.5,28,0
54,34.400001525878906,28,0
52,34.20000076293945,28,0
54,35.099998474121094,27,0
54,35.400001525878906,27,0
58,35.099998474121094,26,0
51,35.70000076293945,26,0
54,35,26,0
53,35.29999923706055,26,0
59,35.099998474121094,26,0
53,35.599998474121094,26,0
54,35.29999923706055,26,0
55,35.20000076293945,26,0
55,35.70000076293945,26,0
57,35.29999923706055,27,0
49,35.900001525878906,26,0
55,35.400001525878906,26,0
53,35.5,26,0
58,35.400001525878906,26,0
52,35.900001525878906,26,0
51,35.400001525878906,26,0
55,35.29999923706055,26,0
54,35.20000076293945,26,0
58,35.29999923706055,26,0
48,35.900001525878906,26,0
55,35.70000076293945,26,0
54,35.29999923706055,26,0
60,35.900001525878906,26,0
51,35.20000076293945,26,0
51,35.400001525878906,26,0
57,35.70000076293945,26,0
55,35.5,26,0
55,35.900001525878906,26,0
49,35.5,27,0
59,35.29999923706055,26,0
55,35.20000076293945,27,0
54,35.70000076293945,27,0
51,35.79999923706055,27,0
54,35.900001525878906,28,0
60,35.900001525878906,27,0
48,35.900001525878906,27,0
55,35.400001525878906,27,0
53,35.5,27,0
59,35,26,0
50,35,26,0
54,35.599998474121094,26,0
57,35.099998474121094,26,0
55,35,26,0
53,35.400001525878906,26,0
51,35.20000076293945,27,0
58,35,27,0
53,35.79999923706055,27,0
53,35.20000076293945,27,0
52,35.20000076293945,27,0
57,35,27,0
55,35.70000076293945,27,0
51,35.79999923706055,27,0
54,35.29999923706055,27,0
54,35.599998474121094,27,0
59,35,27,0
49,35.70000076293945,27,0
55,35.70000076293945,27,0
54,35.79999923706055,26,0
58,35.79999923706055,26,0
51,35.599998474121094,26,0
52,35.79999923706055,26,0
57,35.900001525878906,26,0
53,35.20000076293945,27,0
54,35.79999923706055,27,0
53,35.29999923706055,27,0
58,35.70000076293945,27,0
51,35.70000076293945,27,0
54,35.599998474121094,27,0
54,35.900001525878906,27,0
56,35.79999923706055,27,0
53,35.099998474121094,27,0
52,35.20000076293945,27,0
56,35.20000076293945,27,0
55,35.099998474121094,27,0
54,35.5,27,0
51,35.400001525878906,27,0
58,35.20000076293945,26,0
56,35.29999923706055,26,0
51,35.400001525878906,26,0
54,35.599998474121094,26,0
53,35.79999923706055,26,0
61,35.5,26,0
50,35.29999923706055,26,0
54,35.20000076293945,26,0
54,35.20000076293945,27,0
54,35.099998474121094,27,0
55,35.20000076293945,27,0
53,35.900001525878906,27,0
54,35.599998474121094,27,0
54,35.79999923706055,26,0
54,35.29999923706055,26,0
56,35.099998474121094,26,0
54,35,26,0
55,35.29999923706055,26,0
57,35,26,0
50,35.5,26,0
51,35.099998474121094,26,0
55,35.70000076293945,36,0
54,35.70000076293945,32,0
67,35,34,0
48,35.70000076293945,26,0
49,35.79999923706055,26,0
53,35.099998474121094,26,0
54,35,26,0
72,35,33,0
54,35.70000076293945,32,0
69,35.599998474121094,30,0
65,35,30,0
81,35.400001525878906,30,0
57,35.70000076293945,29,0
58,35.900001525878906,28,0
66,35.099998474121094,28,0
72,35.400001525878906,28,0
187,34.400001525878906,28,0
299,34.29999923706055,28,1
79,34.099998474121094,30,0
67,34.900001525878906,30,0
79,34.599998474121094,29,0
56,34.20000076293945,28,0
69,34.79999923706055,28,0
72,34.099998474121094,27,0
68,34.900001525878906,28,0
72,34.5,28,0
56,34.20000076293945,28,0
83,34.900001525878906,27,0
64,34.599998474121094,27,0
74,34.79999923706055,27,0
58,34.70000076293945,27,0
75,34.29999923706055,27,0
75,34.5,27,0
64,34.599998474121094,28,0
74,34.29999923706055,27,0
59,34.900001525878906,27,0
85,34.70000076293945,27,0
64,34.099998474121094,26,0
74,34.29999923706055,26,0
58,34.900001525878906,26,0
74,34.29999923706055,26,0
76,34.900001525878906,26,0
64,34,26,0
75,34.29999923706055,26,0
54,34.400001525878906,26,0
84,34.79999923706055,26,0
66,34,26,0
77,34.400001525878906,26,0
61,34.70000076293945,26,0
69,34,26,0
80,34.599998474121094,26,0
65,34.29999923706055,26,0
78,34.599998474121094,26,0
52,34.5,26,0
83,34.099998474121094,26,0
66,34.900001525878906,26,0
76,34.900001525878906,26,0
61,34.5,26,0
64,34.70000076293945,26,0
81,34.400001525878906,26,0
65,34.900001525878906,26,0
79,34.20000076293945,25,0
54,34.79999923706055,25,0
78,34.29999923706055,25,0
67,34.900001525878906,25,0
77,34.5,25,0
67,34.29999923706055,25,0
58,34.5,26,0
82,34.400001525878906,26,0
64,34.599998474121094,26,0
80,34.400001525878906,26,0
56,34.29999923706055,26,0
75,34.29999923706055,26,0
69,34.599998474121094,26,0
75,34.70000076293945,26,0
67,34.29999923706055,26,0
60,34.400001525878906,26,0
85,34.29999923706055,26,0
61,34.70000076293945,26,0
74,34.70000076293945,26,0
58,34.400001525878906,26,0
82,34.29999923706055,26,0
67,34.70000076293945,26,0
66,34.599998474121094,26,0
70,34.900001525878906,26,0
68,34.29999923706055,26,0
83,34.20000076293945,26,0
55,34,26,0
73,34.599998474121094,26,0
66,34.599998474121094,26,0
80,34.29999923706055,26,0
64,34.29999923706055,26,0
64,34.29999923706055,25,0
73,34.400001525878906,25,0
67,34.400001525878906,25,0
81,34.400001525878906,25,0
53,34.099998474121094,25,0
74,34.599998474121094,26,0
66,34.29999923706055,26,0
81,34.70000076293945,26,0
62,34.29999923706055,26,0
63,34.5,26,0
76,34.5,26,0
67,34.29999923706055,26,0
77,34.29999923706055,26,0
51,34.599998474121094,26,0
82,34.79999923706055,26,0
66,34.400001525878906,26,0
76,34.29999923706055,26,0
58,34.20000076293945,26,0
73,34,26,0
80,34.29999923706055,26,0
59,34.599998474121094,26,0
73,34.900001525878906,26,0
65,34.20000076293945,26,0
82,34,26,0
55,34.20000076293945,26,0
77,34.900001525878906,26,0
71,34.900001525878906,26,0
66,34.099998474121094,27,0
69,34.5,26,0
66,34.70000076293945,26,0
84,34.29999923706055,26,0
54,34.29999923706055,27,0
76,34.400001525878906,26,0
68,34.900001525878906,26,0
75,33.099998474121094,27,0
60,33.400001525878906,27,0
71,33.599998474121094,27,0
82,33.400001525878906,27,0
55,33.599998474121094,27,0
78,33.5,27,0
65,33.29999923706055,27,0
77,33.29999923706055,27,0
56,33.099998474121094,27,0
79,33.70000076293945,27,0
69,33.20000076293945,27,0
59,33.400001525878906,27,0
83,33.400001525878906,27,0
62,33.29999923706055,27,0
73,33.5,27,0
62,33.599998474121094,27,0
82,33,27,0
57,33.79999923706055,27,0
74,33.400001525878906,27,0
74,33.099998474121094,27,0
60,33.900001525878906,27,0
77,33.599998474121094,27,0
63,33.400001525878906,27,0
76,33.70000076293945,27,0
57,33.599998474121094,27,0
83,33.900001525878906,27,0
62,33.5,27,0
67,33.900001525878906,27,0
76,33.79999923706055,27,0
62,33.79999923706055,27,0
71,33.79999923706055,27,0
64,33.29999923706055,27,0
82,33.20000076293945,27,0
54,33.599998474121094,27,0
80,33.900001525878906,27,0
68,33.400001525878906,27,0
65,33.70000076293945,27,0
73,33.099998474121094,27,0
66,33.5,27,0
77,33.79999923706055,27,0
53,33.29999923706055,27,0
85,33.79999923706055,27,0
61,33.79999923706055,27,0
69,33,27,0
69,33.5,27,0
75,33.70000076293945,27,0
71,33.599998474121094,27,0
54,33.5,27,0
85,33.5,27,0
62,33.29999923706055,27,0
74,33.70000076293945,27,0
57,33,27,0
80,33.099998474121094,27,0
68,33.29999923706055,27,0
65,33.70000076293945,27,0
71,33.900001525878906,27,0
67,33.900001525878906,27,0
81,33.70000076293945,27,0
52,33.29999923706055,27,0
81,33.5,27,0
65,33.400001525878906,27,0
77,33.5,27,0
58,33.099998474121094,27,0
72,33.29999923706055,27,0
78,33.099998474121094,27,0
60,33.79999923706055,27,0
71,33.70000076293945,27,0
61,33,26,0
84,33,26,0
60,33.900001525878906,26,0
69,33.099998474121094,26,0
67,33.20000076293945,26,0
75,33.79999923706055,26,0
76,33.400001525878906,26,0
54,33.70000076293945,26,0
77,33.29999923706055,26,0
64,33.5,26,0
82,33.599998474121094,26,0
57,33.5,27,0
68,33,26,0
71,33.599998474121094,26,0
71,33,26,0
75,33.5,26,0
52,33.70000076293945,26,0
83,33.20000076293945,26,0
62,33.20000076293945,26,0
77,33,26,0
55,33.5,26,0
73,33.5,26,0
73,33.5,26,0
65,33.20000076293945,26,0
72,33,26,0
55,33.70000076293945,26,0
84,33.79999923706055,26,0
62,33.20000076293945,26,0
71,33,26,0
58,33.70000076293945,26,0
76,33.79999923706055,26,0
75,33.79999923706055,26,0
58,33,26,0
71,33.70000076293945,26,0
61,33.70000076293945,26,0
83,33.400001525878906,26,0
58,33.79999923706055,26,0
68,33.79999923706055,26,0
68,33.70000076293945,26,0
74,33.900001525878906,26,0
72,33.599998474121094,26,0
52,33.20000076293945,26,0
82,33.400001525878906,27,0
63,33.099998474121094,26,0
76,33.70000076293945,26,0
53,33.29999923706055,26,0
78,33.5,26,0
71,33.599998474121094,26,0
62,33.599998474121094,26,0
69,33.29999923706055,26,0
64,33.5,26,0
83,33.5,26,0
54,33.70000076293945,26,0
72,33,26,0
67,33.79999923706055,26,0
74,33.79999923706055,26,0
63,33,26,0
63,33.900001525878906,26,0
83,33.5,26,0
56,33.70000076293945,26,0
71,33,26,0
65,33.20000076293945,26,0
79,33.099998474121094,27,0
57,33.400001525878906,26,0
72,33.599998474121094,26,0
76,33.599998474121094,26,0
58,33,26,0
72,33.900001525878906,26,0
63,33.599998474121094,26,0
80,33.099998474121094,26,0
53,33.900001525878906,26,0
79,33.900001525878906,26,0
69,33.400001525878906,26,0
64,33.599998474121094,26,0
74,33,26,0
65,33.70000076293945,26,0
78,33.400001525878906,26,0
51,33.599998474121094,26,0
84,33.20000076293945,27,0
64,33.5,26,0
67,33.599998474121094,26,0
65,33.70000076293945,26,0
73,33,26,0
72,33.599998474121094,26,0
54,33,26,0
85,33.599998474121094,26,0
59,33.099998474121094,26,0
70,33.29999923706055,26,0
68,33.5,26,0
75,33.70000076293945,26,0
62,33.79999923706055,26,0
66,33.79999923706055,26,0
83,33.29999923706055,26,0
53,33.29999923706055,26,0
82,33.400001525878906,26,0
64,33.599998474121094,26,0
72,33.70000076293945,26,0
64,33.20000076293945,26,0
76,33.099998474121094,27,0
65,33.400001525878906,26,0
64,33.599998474121094,26,0
82,33,26,0
53,33.900001525878906,26,0
81,33.29999923706055,26,0
65,33.599998474121094,26,0
70,33.400001525878906,26,0
66,33.599998474121094,26,0
75,33.5,26,0
68,33.20000076293945,26,0
62,33.29999923706055,26,0
84,33.099998474121094,26,0
53,33.400001525878906,26,0
78,33.70000076293945,26,0
66,33,26,0
74,33.099998474121094,26,0
58,33.29999923706055,26,0
75,33.20000076293945,25,0
76,33.400001525878906,25,0
55,33,25,0
81,33.20000076293945,25,0
63,33.900001525878906,26,0
76,33.900001525878906,25,0
55,33.70000076293945,25,0
80,33.79999923706055,26,0
68,33.70000076293945,26,0
60,33.70000076293945,26,0
78,33.400001525878906,26,0
65,33.599998474121094,26,0
77,33,26,0
53,33.099998474121094,26,0
84,33.79999923706055,26,0
65,33.900001525878906,26,0
68,33.79999923706055,26,0
68,33.400001525878906,26,0
70,33.400001525878906,25,0
76,33.099998474121094,25,0
52,33.900001525878906,26,0
84,33.29999923706055,26,0
64,33.5,26,0
73,33.5,26,0
58,33,26,0
77,33.79999923706055,26,0
73,33.70000076293945,26,0
55,33.900001525878906,26,0
80,33.400001525878906,26,0
67,33.70000076293945,26,0
69,33.400001525878906,26,0
47,33.70000076293945,26,0
89,33.29999923706055,26,0
69,33.5,26,0
61,33.5,26,0
59,33.5,26,0
75,33.599998474121094,27,0
83,33.70000076293945,27,0
51,33.70000076293945,26,0
67,33.400001525878906,26,0
83,33.400001525878906,27,0
88,33,30,0
116,33.099998474121094,28,0
131,33,27,0
147,33.900001525878906,27,0
122,33.900001525878906,26,0
139,33.5,27,0
122,33.099998474121094,27,0
139,33.20000076293945,26,0
115,33.099998474121094,26,0
139,33.5,26,0
134,33.599998474121094,26,0
121,33.400001525878906,26,0
132,33.70000076293945,26,0
126,33.79999923706055,26,0
141,33.70000076293945,26,0
109,33.79999923706055,25,0
139,33.900001525878906,25,0
129,33,25,0
128,33.5,25,0
120,33.599998474121094,25,0
128,33.79999923706055,25,0
141,33,25,0
111,33.599998474121094,25,0
138,33.5,25,0
125,33,25,0
136,33.5,25,0
115,33,25,0
137,33.29999923706055,25,0
135,33.70000076293945,25,0
118,33.29999923706055,25,0
141,33.5,25,0
124,33.900001525878906,25,0
137,33.099998474121094,25,0
114,33.099998474121094,25,0
145,33.79999923706055,25,0
129,33.5,25,0
131,33.099998474121094,25,0
127,33.79999923706055,25,0
132,33.900001525878906,25,0
140,33.099998474121094,25,0
110,33.70000076293945,25,0
142,33.20000076293945,25,0
124,33.599998474121094,25,0
141,33,25,0
116,33.900001525878906,25,0
137,33.400001525878906,25,0
137,33.900001525878906,25,0
126,33.5,25,0
132,33.5,26,0
124,33.79999923706055,26,0
150,33.79999923706055,25,0
120,33.900001525878906,25,0
130,33.099998474121094,25,0
128,33.20000076293945,25,0
139,33.400001525878906,25,0
128,33.5,25,0
117,33.099998474121094,25,0
143,33,25,0
125,33.599998474121094,25,0
141,33.70000076293945,26,0
112,33,25,0
141,33.79999923706055,25,0
132,33,25,0
132,33.400001525878906,25,0
120,33.29999923706055,25,0
125,33.70000076293945,25,0
144,33.5,25,0
121,33.20000076293945,25,0
135,33.599998474121094,25,0
114,33.400001525878906,25,0
142,33.599998474121094,25,0
129,33.70000076293945,25,0
125,33.79999923706055,25,0
123,33,25,0
126,33.599998474121094,25,0
146,33.20000076293945,25,0
118,33.20000076293945,25,0
134,33.5,25,0
118,33.70000076293945,25,0
143,33,25,0
129,33.599998474121094,25,0
128,33.29999923706055,25,0
125,33.79999923706055,25,0
125,33.599998474121094,25,0
148,33.29999923706055,25,0
118,33.900001525878906,25,0
134,33.29999923706055,25,0
112,33.099998474121094,25,0
140,33,25,0
129,33,25,0
124,33.5,25,0
123,33.5,25,0
127,33.900001525878906,25,0
143,33.400001525878906,25,0
117,33.099998474121094,25,0
132,33.400001525878906,25,0
123,33.79999923706055,25,0
143,33,25,0
130,33.70000076293945,25,0
129,33.900001525878906,25,0
128,33,25,0
129,33.20000076293945,25,0
146,33.20000076293945,25,0
120,33.5,25,0
136,33.400001525878906,25,0
120,33,25,0
142,33.099998474121094,25,0
133,33.79999923706055,25,0
134,33.79999923706055,25,0
134,33.900001525878906,25,0
119,33.900001525878906,25,0
146,33.400001525878906,25,0
127,33.5,25,0
151,33.099998474121094,25,0
124,33.29999923706055,25,0
136,33.5,25,0
121,33.79999923706055,25,0
134,33.400001525878906,25,0
143,33.900001525878906,25,0
134,33.29999923706055,25,0
150,33.400001525878906,25,0
122,33.099998474121094,25,0
140,33.599998474121094,24,0
118,33.900001525878906,24,0
144,33.599998474121094,24,0
137,33.79999923706055,24,0
142,33.400001525878906,24,0
138,33.400001525878906,24,0
125,33,24,0
138,33.599998474121094,24,0
125,33.79999923706055,24,0
152,33.5,24,0
132,33,24,0
147,33.5,25,0
127,33.400001525878906,24,0
125,33,24,0
126,33,24,0
133,33.29999923706055,24,0
149,33.70000076293945,25,0
128,33.79999923706055,24,0
147,33.400001525878906,24,0
122,33.900001525878906,24,0
133,33.20000076293945,24,0
131,33.5,25,0
142,33.400001525878906,24,0
145,33.70000076293945,25,0
135,33,25,0
148,33.099998474121094,25,0
119,33.29999923706055,25,0
140,33.70000076293945,25,0
126,33.400001525878906,24,0
148,33.900001525878906,24,0
138,33.20000076293945,24,0
143,33.20000076293945,24,0
140,33.79999923706055,24,0
120,33.599998474121094,24,0
144,33.599998474121094,24,0
132,33.20000076293945,24,0
143,33.5,24,0
114,33.5,24,0
113,33.599998474121094,24,0
57,33.099998474121094,24,0
73,33.900001525878906,24,0
75,33.70000076293945,24,0
71,33.099998474121094,25,0
83,33.900001525878906,24,0
66,33.79999923706055,24,0
84,33.900001525878906,24,0
65,33.099998474121094,24,0
77,33.099998474121094,24,0
61,33.099998474121094,24,0
67,33.70000076293945,24,0
80,33.5,24,0
68,33,24,0
76,33.599998474121094,24,0
57,33.099998474121094,24,0
84,33.599998474121094,24,0
64,33,24,0
69,33.20000076293945,24,0
73,33.5,24,0
74,33.5,24,0
71,33.70000076293945,24,0
63,33,24,0
85,33.599998474121094,24,0
61,33.70000076293945,24,0
72,33.599998474121094,24,0
69,33.900001525878906,24,0
83,33.70000076293945,24,0
72,33.400001525878906,24,0
59,33,24,0
74,33,24,0
70,33.70000076293945,24,0
86,33.400001525878906,24,0
63,33.20000076293945,24,0
69,33.79999923706055,24,0
62,33.20000076293945,24,0
81,33.79999923706055,24,0
79,33.20000076293945,24,0
136,33.79999923706055,24,0
143,33.099998474121094,24,0
158,33.599998474121094,24,0
184,33.20000076293945,25,0
174,33.900001525878906,24,0
187,33.5,24,0
168,33.400001525878906,24,0
151,33,24,0
149,33.29999923706055,24,0
142,33.70000076293945,24,0
159,33.400001525878906,24,0
154,33.099998474121094,24,0
180,33.900001525878906,24,0
161,33.400001525878906,24,0
163,33.599998474121094,24,0
140,33.400001525878906,24,0
159,33.400001525878906,24,0
179,33,24,0
138,33.5,24,0
151,33.29999923706055,24,0
143,33.29999923706055,24,0
161,33,24,0
149,33,24,0
138,33.900001525878906,24,0
150,33.79999923706055,24,0
144,33,24,0
173,33.29999923706055,24,0
137,33,24,0
155,33.20000076293945,24,0
144,33.400001525878906,24,0
162,33.5,24,0
138,33.79999923706055,24,0
130,33,24,0
153,33.70000076293945,24,0
148,33.5,24,0
159,33.29999923706055,24,0
130,33.70000076293945,24,0
165,33.70000076293945,24,0
148,33.79999923706055,24,0
154,33.099998474121094,24,0
157,33.5,24,0
158,33.400001525878906,24,0
162,33.900001525878906,24,0
132,33.099998474121094,24,0
156,33.5,24,0
120,33,24,0
159,33.79999923706055,24,0
157,33,24,0
154,33.79999923706055,24,0
160,33.599998474121094,24,0
155,33.599998474121094,24,0
154,33.400001525878906,24,0
138,33.79999923706055,24,0
177,33.79999923706055,24,0
155,33.400001525878906,24,0
146,33,24,0
165,33.29999923706055,24,0
163,33.79999923706055,24,0
140,33.29999923706055,24,0
100,33.599998474121094,24,0
165,33.400001525878906,24,0
140,33.70000076293945,24,0
156,33.29999923706055,24,0
124,33,24,0
154,33.599998474121094,24,0
143,33.599998474121094,24,0
133,33.20000076293945,24,0
146,33.29999923706055,24,0
148,33.599998474121094,24,0
167,33.29999923706055,24,0
121,33,24,0
153,33.20000076293945,24,0
142,33.099998474121094,24,0
161,33,24,0
138,33.79999923706055,24,0
153,33.29999923706055,24,0
151,33.900001525878906,24,0
144,33.900001525878906,24,0
150,33,24,0
146,33,24,0
163,33,24,0
134,33.099998474121094,24,0
142,33.400001525878906,24,0
147,33.5,24,0
158,33.400001525878906,24,0
134,33.20000076293945,24,0
119,33.400001525878906,24,0
129,33.20000076293945,24,0
109,33.400001525878906,24,0
121,33.099998474121094,24,0
119,33.29999923706055,24,0
142,33,24,0
129,33.900001525878906,24,0
120,33.599998474121094,24,0
145,33.79999923706055,24,0
131,33.20000076293945,24,0
141,33.79999923706055,24,0
119,33.099998474121094,24,0
150,33.099998474121094,24,0
135,33.900001525878906,24,0
129,33.79999923706055,24,0
137,33,24,0
146,33.099998474121094,24,0
144,33.900001525878906,24,0
114,33.79999923706055,24,0
146,33.900001525878906,24,0
127,33.900001525878906,24,0
138,33.5,24,0
114,33.099998474121094,24,0
139,33.5,24,0
139,33.79999923706055,24,0
127,33.5,24,0
128,33.599998474121094,24,0
128,33.400001525878906,24,0
140,33.29999923706055,25,0
116,33.29999923706055,24,0
124,33.29999923706055,24,0
87,33.29999923706055,24,0
104,33.900001525878906,24,0
95,33.599998474121094,24,0
79,33.70000076293945,24,0
105,33.79999923706055,24,0
95,33.400001525878906,24,0
113,33.900001525878906,24,0
86,33.400001525878906,24,0
104,33.29999923706055,24,0
107,33.79999923706055,24,0
108,33.20000076293945,24,0
98,33.29999923706055,24,0
89,33.70000076293945,24,0
123,33.599998474121094,24,0
104,33.70000076293945,24,0
100,33.70000076293945,24,0
100,33.79999923706055,24,0
157,33.5,24,0
158,33.5,24,0
134,33.400001525878906,24,0
119,33.20000076293945,24,0
141,33.400001525878906,24,0
148,33,24,0
120,33.099998474121094,24,0
70,33.70000076293945,24,0
73,33,24,0
86,33,24,0
70,33.70000076293945,24,0
60,33.79999923706055,24,0
79,33.70000076293945,24,0
147,33.70000076293945,24,0
91,33.099998474121094,24,0
69,33,45,0
79,33.5,55,0
76,33.20000076293945,59,0
83,33.70000076293945,54,0
69,33.5,44,0
58,33.70000076293945,38,0
84,33.900001525878906,34,0
73,33.599998474121094,32,0
81,33.400001525878906,31,0
56,33.900001525878906,30,0
78,33,30,0
76,33,30,0
79,33.900001525878906,29,0
66,33.900001525878906,29,0
61,33,28,0
88,33.70000076293945,28,0
69,33.70000076293945,28,0
78,33.099998474121094,27,0
56,33.099998474121094,27,0
84,33.29999923706055,27,0
72,33.20000076293945,27,0
75,33.400001525878906,27,0
65,33.599998474121094,27,0
69,33,27,0
87,33.29999923706055,27,0
65,33.29999923706055,27,0
75,33.599998474121094,27,0
62,33.099998474121094,26,0
86,33.599998474121094,26,0
70,33,26,0
69,33.20000076293945,26,0
72,33.20000076293945,26,0
72,33.70000076293945,26,0
83,33.599998474121094,26,0
57,33.70000076293945,26,0
81,33.79999923706055,26,0
73,33.70000076293945,26,0
84,33.29999923706055,26,0
61,33.70000076293945,25,0
68,33.79999923706055,25,0
82,33.900001525878906,25,0
72,33.5,25,0
77,33.099998474121094,25,0
51,33.099998474121094,25,0
86,33.20000076293945,26,0
78,33.20000076293945,26,0
78,33.70000076293945,26,0
53,33,25,0
73,33.5,26,0
87,33.70000076293945,26,0
71,33.400001525878906,25,0
70,33,25,0
40,33.099998474121094,26,0
91,33.900001525878906,26,0
77,33,26,0
73,33.900001525878906,25,0
54,33.29999923706055,25,0
76,33.900001525878906,26,0
88,33.900001525878906,26,0
71,33.29999923706055,25,0
70,33.70000076293945,25,0
48,33.70000076293945,25,0
92,33.20000076293945,25,0
80,33,25,0
78,33.900001525878906,25,0
72,33.900001525878906,25,0
112,33.20000076293945,25,0
140,33,25,0
118,33.099998474121094,25,0
121,33.70000076293945,25,0
104,33.20000076293945,25,0
139,33.599998474121094,25,0
102,33.400001525878906,25,0
102,33.599998474121094,25,0
92,33.599998474121094,25,0
109,33.70000076293945,25,0
129,33.70000076293945,25,0
102,33.79999923706055,25,0
116,33.29999923706055,25,0
99,33.900001525878906,25,0
119,33.599998474121094,25,0
84,33.099998474121094,25,0
97,33.099998474121094,25,0
73,33.099998474121094,25,0
58,33.900001525878906,25,0
68,33.400001525878906,24,0
73,33.900001525878906,24,0
89,33.79999923706055,24,0
71,33.5,25,0
72,33.900001525878906,24,0
61,33.70000076293945,25,0
78,33,24,0
84,33.20000076293945,25,0
73,33.5,25,0
81,33.599998474121094,25,0
55,33,25,0
96,33.400001525878906,25,0
75,33,25,0
88,33.79999923706055,24,0
70,33.599998474121094,24,0
74,33,25,0
79,33.20000076293945,25,0
69,33.5,25,0
89,33.70000076293945,25,0
65,33.599998474121094,25,0
73,33,25,0
64,33.099998474121094,25,0
83,33.20000076293945,25,0
80,33,25,0
75,33.900001525878906,24,0
77,33.70000076293945,25,0
57,33,25,0
84,33.29999923706055,25,0
72,33.900001525878906,25,0
90,33,24,0
67,33.599998474121094,24,0
66,33.599998474121094,24,0
72,33.20000076293945,24,0
77,33.5,24,0
89,33.29999923706055,24,0
67,33.70000076293945,24,0
73,33.79999923706055,24,0
57,33.70000076293945,24,0
83,33.79999923706055,24,0
78,33.5,24,0
81,33.900001525878906,24,0
75,33.70000076293945,24,0
56,33.900001525878906,24,0
76,33,24,0
74,33.79999923706055,24,0
90,33.20000076293945,24,0
75,33,24,0
74,33,24,0
62,33.099998474121094,24,0
66,33.599998474121094,24,0
88,33.900001525878906,24,0
74,33.099998474121094,24,0
86,33.5,24,0
62,33.5,24,0
69,33.900001525878906,24,0
71,33.099998474121094,24,0
82,33.900001525878906,24,0
84,33.099998474121094,24,0
69,33.29999923706055,24,0
72,33.599998474121094,24,0
60,33.70000076293945,24,0
88,33.79999923706055,24,0
77,33.900001525878906,24,0
81,33.099998474121094,24,0
66,33.5,24,0
67,33.29999923706055,24,0
84,33.400001525878906,24,0
74,33.599998474121094,24,0
83,33.900001525878906,24,0
59,33.79999923706055,24,0
75,33.70000076293945,24,0
76,33.900001525878906,24,0
83,33,24,0
75,33.099998474121094,24,0
63,33.29999923706055,24,0
73,34.29999923706055,24,0
72,33.20000076293945,24,0
89,34.099998474121094,23,0
72,33,24,0
73,33.20000076293945,24,0
60,33.900001525878906,24,0
78,33.900001525878906,23,0
84,33.599998474121094,23,0
76,33.099998474121094,23,0
82,33.099998474121094,23,0
60,33,23,0
70,33.29999923706055,24,0
69,33.5,24,0
88,33.400001525878906,24,0
77,33.099998474121094,24,0
77,33.099998474121094,24,0
72,33.400001525878906,24,0
54,33.900001525878906,24,0
75,33.5,24,0
88,33.70000076293945,24,0
100,33.400001525878906,24,0
66,33.5,24,0
52,33.599998474121094,24,0
70,34.79999923706055,24,0
95,34,24,0
90,33.599998474121094,25,0
56,33.599998474121094,24,0
51,33.79999923706055,24,0
79,33.20000076293945,24,0
100,33.70000076293945,24,0
75,34.900001525878906,24,0
58,34.099998474121094,24,0
52,34.599998474121094,24,0
88,34.29999923706055,24,0
99,34,24,0
70,34.400001525878906,24,0
57,34.900001525878906,24,0
62,34.70000076293945,24,0
88,34.599998474121094,24,0
76,34.599998474121094,24,0
74,34.900001525878906,24,0
70,34,24,0
58,34.099998474121094,24,0
88,34.5,23,0
74,34.79999923706055,24,0
84,34.099998474121094,24,0
56,34.70000076293945,24,0
51,34.900001525878906,24,0
61,34.5,24,0
91,34.29999923706055,24,0
85,34.900001525878906,24,0
68,34.29999923706055,24,0
75,34.20000076293945,24,0
56,34.400001525878906,24,0
79,34.400001525878906,24,0
75,34,24,0
83,34.099998474121094,23,0
74,34,23,0
65,34.5,24,0
65,34.70000076293945,24,0
66,34.5,24,0
94,34.29999923706055,24,0
88,34.900001525878906,24,0
79,34.70000076293945,24,0
54,34.599998474121094,24,0
50,34,24,0
74,34.70000076293945,24,0
87,34.20000076293945,24,0
98,34.29999923706055,24,0
60,34.29999923706055,24,0
67,34.79999923706055,24,0
56,34.599998474121094,24,0
88,34.400001525878906,24,0
91,34.79999923706055,24,0
77,34.70000076293945,24,0
76,34.5,24,0
57,34.70000076293945,24,0
73,34.400001525878906,24,0
68,34.099998474121094,24,0
86,34.70000076293945,24,0
74,34.5,24,0
78,34.400001525878906,24,0
67,34.29999923706055,24,0
59,34.5,23,0
74,34.099998474121094,24,0
68,34.70000076293945,24,0
86,34.599998474121094,24,0
65,34.599998474121094,24,0
74,34.099998474121094,24,0
56,34.5,24,0
67,34.20000076293945,24,0
72,34.29999923706055,24,0
70,34.900001525878906,24,0
76,34.900001525878906,24,0
59,34.400001525878906,24,0
69,34,24,0
55,34.099998474121094,24,0
75,34.79999923706055,24,0
69,34.5,24,0
74,34,24,0
69,34.79999923706055,24,0
57,34.29999923706055,24,0
70,34,24,0
66,34.79999923706055,23,0
78,34.900001525878906,23,0
62,34.29999923706055,23,0
68,34.099998474121094,23,0
58,34.20000076293945,23,0
72,34.5,24,0
76,34.79999923706055,24,0
64,34.29999923706055,24,0
72,34.79999923706055,24,0
55,34.70000076293945,24,0
72,34.79999923706055,24,0
68,34.29999923706055,24,0
75,34.29999923706055,24,0
68,34.79999923706055,24,0
61,34.79999923706055,24,0
66,34.70000076293945,24,0
58,34.099998474121094,24,0
79,34.5,24,0
67,34.900001525878906,23,0
76,34.900001525878906,23,0
61,34.599998474121094,23,0
65,34.599998474121094,23,0
62,34,23,0
69,34.79999923706055,23,0
78,34.79999923706055,24,0
65,34.900001525878906,24,0
72,34.79999923706055,23,0
57,34.29999923706055,23,0
67,34.79999923706055,23,0
67,34.20000076293945,24,0
75,34.900001525878906,23,0
73,34.70000076293945,24,0
62,34.70000076293945,24,0
70,34.20000076293945,24,0
54,34.099998474121094,24,0
77,34.900001525878906,24,0
67,34.79999923706055,24,0
75,34.70000076293945,24,0
64,34.29999923706055,23,0
61,34.70000076293945,23,0
69,34.20000076293945,23,0
68,34,23,0
79,34.5,24,0
61,34.79999923706055,24,0
68,34.5,24,0
56,34.5,24,0
76,34.599998474121094,23,0
70,34.099998474121094,23,0
68,34.900001525878906,23,0
67,34.29999923706055,23,0
55,34.79999923706055,23,0
77,34.900001525878906,23,0
66,34.400001525878906,23,0
77,34.099998474121094,23,0
60,34.70000076293945,23,0
65,34.400001525878906,23,0
61,34.29999923706055,23,0
72,34.20000076293945,23,0
76,34.70000076293945,23,0
63,34.5,23,0
71,34.400001525878906,23,0
55,34.099998474121094,23,0
77,34.599998474121094,23,0
67,34.900001525878906,23,0
73,34.900001525878906,23,0
60,34.70000076293945,23,0
59,34.400001525878906,23,0
76,34.20000076293945,23,0
67,34,23,0
74,34.79999923706055,23,0
55,34.79999923706055,23,0
68,34.599998474121094,23,0
69,34,23,0
76,34.20000076293945,23,0
64,34,23,0
59,34.099998474121094,23,0
72,34.70000076293945,23,0
68,34.099998474121094,23,0
76,34.900001525878906,23,0
56,34,23,0
67,34.20000076293945,23,0
69,34.20000076293945,23,0
76,34.099998474121094,23,0
64,34.70000076293945,23,0
58,34.599998474121094,23,0
72,34.099998474121094,23,0
68,34.900001525878906,23,0
76,34.70000076293945,24,0
57,34.70000076293945,24,0
66,34,23,0
67,34.099998474121094,23,0
75,34.79999923706055,23,0
67,34.900001525878906,23,0
59,34.900001525878906,23,0
71,34.400001525878906,23,0
67,34.29999923706055,23,0
74,34.5,23,0
55,34.70000076293945,23,0
73,34.099998474121094,23,0
68,34.70000076293945,23,0
71,34.79999923706055,23,0
61,34,23,0
67,34.400001525878906,23,0
77,34.400001525878906,23,0
59,34.29999923706055,23,0
67,34.400001525878906,23,0
68,34.400001525878906,23,0
73,34.400001525878906,23,0
56,34.400001525878906,23,0
76,34.400001525878906,23,0
69,34.400001525878906,23,0
60,34.29999923706055,23,0
75,34.099998474121094,23,0
66,34.70000076293945,23,0
70,34.5,23,0
61,34.599998474121094,23,0
78,34,23,0
61,34.099998474121094,23,0
65,34.70000076293945,23,0
71,34.20000076293945,23,0
67,34.20000076293945,23,0
65,34,23,0
66,34.29999923706055,23,0
78,34.400001525878906,23,0
57,34.20000076293945,23,0
70,34.099998474121094,23,0
67,34.70000076293945,23,0
70,34.70000076293945,23,0
58,34.70000076293945,23,0
70,34.5,23,0
74,34.79999923706055,23,0
56,34.900001525878906,23,0
77,34.20000076293945,23,0
66,34.20000076293945,23,0
68,34.29999923706055,23,0
62,34.400001525878906,23,0
76,34.5,23,0
61,34.900001525878906,23,0
64,34.79999923706055,23,0
77,34.099998474121094,23,0
59,34.900001525878906,23,0
69,34.79999923706055,23,0
67,34,23,0
71,34.20000076293945,23,0
56,34.20000076293945,23,0
76,34.099998474121094,23,0
65,34.599998474121094,23,0
59,34,23,0
77,34.400001525878906,23,0
58,34.20000076293945,23,0
70,34.099998474121094,23,0
67,34,23,0
68,34,23,0
63,34.79999923706055,23,0
75,34,23,0
61,34.900001525878906,23,0
69,34.70000076293945,23,0
75,34.400001525878906,23,0
54,34.400001525878906,23,0
79,34.599998474121094,22,0
60,34.70000076293945,22,0
70,34.29999923706055,23,0
67,34.400001525878906,22,0
66,34.599998474121094,23,0
70,34.099998474121094,23,0
67,34,23,0
65,34.5,22,0
66,34.5,22,0
71,34.5,22,0
60,34.599998474121094,22,0
77,34.70000076293945,23,0
57,34.5,23,0
75,34.79999923706055,23,0
66,34.79999923706055,23,0
59,34.20000076293945,23,0
75,34.400001525878906,23,0
58,34.5,23,0
76,34.5,23,0
65,34.900001525878906,23,0
68,34,23,0
68,34,23,0
71,34.099998474121094,23,0
60,34.900001525878906,23,0
70,34.400001525878906,23,0
67,34.400001525878906,23,0
66,34.20000076293945,23,0
75,34.20000076293945,23,0
55,34.20000076293945,23,0
78,34.099998474121094,23,0
58,34.900001525878906,23,0
72,34.79999923706055,23,0
71,34.900001525878906,23,0
59,34.5,23,0
77,34.70000076293945,23,0
62,34.79999923706055,23,0
66,34.20000076293945,23,0
67,34.20000076293945,23,0
68,34.400001525878906,23,0
66,34.5,23,0
73,34.900001525878906,23,0
57,34.400001525878906,23,0
199,34.5,23,0
182,34,23,0
164,34.900001525878906,23,0
183,34.900001525878906,23,0
129,34.79999923706055,23,0
206,34.20000076293945,23,1
165,34.099998474121094,23,0
184,34.900001525878906,23,0
105,34.79999923706055,23,0
103,34.900001525878906,22,0
145,34.099998474121094,22,0
112,34.5,22,0
153,34.5,23,0
121,34.79999923706055,23,0
149,34,22,0
136,34.79999923706055,22,0
133,34.5,23,0
148,34.900001525878906,22,0
119,34.900001525878906,23,0
156,34.70000076293945,23,0
122,34.099998474121094,23,0
156,34.79999923706055,23,0
133,34.5,23,0
143,34.400001525878906,23,0
144,34.400001525878906,23,0
131,34.29999923706055,23,0
150,34.20000076293945,23,0
133,34.29999923706055,22,0
150,34.20000076293945,22,0
135,34.099998474121094,23,0
136,34.70000076293945,23,0
136,34,23,0
140,34.20000076293945,23,0
138,34.29999923706055,23,0
143,34.29999923706055,22,0
133,34.29999923706055,22,0
139,34.29999923706055,22,0
129,34.29999923706055,22,0
136,34.099998474121094,22,0
139,34.900001525878906,22,0
136,34.099998474121094,22,0
142,34.79999923706055,23,0
135,34.900001525878906,23,0
145,34.20000076293945,23,0
129,34,23,0
145,34.20000076293945,23,0
136,34.29999923706055,23,0
137,34.29999923706055,23,0
144,34.20000076293945,23,0
132,34,23,0
147,34.900001525878906,23,0
141,34.599998474121094,23,0
145,34,23,0
131,34.79999923706055,23,0
143,34.70000076293945,23,0
147,34.599998474121094,23,0
152,34.900001525878906,23,0
148,34.599998474121094,23,0
146,34.20000076293945,22,0
147,34.20000076293945,22,0
142,34.900001525878906,23,0
139,34,23,0
152,34.70000076293945,23,0
142,34.900001525878906,23,0
151,34,23,0
133,34.79999923706055,23,0
147,34.79999923706055,22,0
134,34.29999923706055,23,0
143,34.099998474121094,23,0
149,34.79999923706055,22,0
139,34.400001525878906,22,0
145,34.20000076293945,23,0
135,34.099998474121094,23,0
166,34.599998474121094,23,0
132,34,23,0
169,34.29999923706055,22,0
130,34.29999923706055,22,0
175,34.20000076293945,22,0
58,34.099998474121094,22,0
83,34.400001525878906,22,0
47,34.5,23,0
83,34.400001525878906,23,0
45,34.099998474121094,23,0
79,34.79999923706055,22,0
50,34.29999923706055,22,0
74,34.400001525878906,22,0
58,34.900001525878906,22,0
71,34,22,0
70,34,22,0
62,34.900001525878906,22,0
82,34.099998474121094,22,0
54,34.20000076293945,23,0
82,34.900001525878906,23,0
51,34.79999923706055,22,0
80,34.400001525878906,22,0
51,34.70000076293945,23,0
70,34.900001525878906,22,0
75,34.900001525878906,23,0
55,34.900001525878906,23,0
87,34.79999923706055,22,0
47,34.400001525878906,22,0
80,34,23,0
56,34,22,0
66,34.099998474121094,22,0
85,34.599998474121094,22,0
45,34.599998474121094,22,0
87,34.70000076293945,22,0
42,34.20000076293945,22,0
74,34.20000076293945,22,0
76,34.20000076293945,22,0
54,34.29999923706055,22,0
90,34.29999923706055,22,0
41,34.400001525878906,23,0
89,34.29999923706055,23,0
38,34.29999923706055,23,0
81,34.400001525878906,22,0
58,34.900001525878906,22,0
67,34.29999923706055,22,0
79,34.400001525878906,22,0
57,34.5,22,0
86,34.599998474121094,22,0
50,34.900001525878906,22,0
85,34,23,0
48,34.5,22,0
82,34.5,22,0
50,34.70000076293945,22,0
74,34.599998474121094,22,0
66,34.70000076293945,22,0
62,34.400001525878906,22,0
82,34.5,22,0
52,34.599998474121094,22,0
85,34.79999923706055,22,0
47,34.70000076293945,22,0
81,34.5,22,0
56,34.599998474121094,22,0
67,34.79999923706055,22,0
75,34.400001525878906,22,0
57,34.099998474121094,22,0
78,34.29999923706055,22,0
55,34.599998474121094,22,0
77,34.70000076293945,22,0
60,34.400001525878906,22,0
71,34,22,0
74,34,22,0
57,34.099998474121094,22,0
82,34.70000076293945,22,0
47,34.5,22,0
80,34.79999923706055,22,0
60,34.599998474121094,22,0
68,34,22,0
73,34,22,0
58,34.20000076293945,22,0
74,34.79999923706055,22,0
58,34.70000076293945,22,0
69,34.099998474121094,22,0
72,34.29999923706055,22,0
65,34.70000076293945,22,0
70,34.5,22,0
70,34.79999923706055,22,0
58,34.5,22,0
82,34.900001525878906,22,0
59,34.20000076293945,22,0
65,34.400001525878906,22,0
78,34.599998474121094,22,0
55,34.79999923706055,22,0
131,34.70000076293945,22,0
61,34.5,22,0
68,34.70000076293945,22,0
79,34.400001525878906,22,0
60,34,22,0
71,34.900001525878906,22,0
79,34.900001525878906,22,0
60,34.099998474121094,22,0
73,34.70000076293945,22,0
80,34.5,22,0
51,34.599998474121094,22,0
91,34.79999923706055,22,0
49,34.70000076293945,22,0
74,34.29999923706055,22,0
84,34.5,22,0
51,34.70000076293945,22,0
86,34.400001525878906,22,0
62,34.5,22,0
70,34.70000076293945,22,0
77,34.400001525878906,22,0
56,34.5,22,0
72,34.599998474121094,22,0
83,34.599998474121094,22,0
54,34.79999923706055,22,0
79,34.599998474121094,22,0
71,34.900001525878906,22,0
58,34.099998474121094,22,0
91,34.599998474121094,22,0
44,34.79999923706055,22,0
86,34.70000076293945,22,0
69,34.29999923706055,22,0
64,34.599998474121094,22,0
85,34.79999923706055,22,0
46,34.599998474121094,22,0
83,34.79999923706055,22,0
67,34.70000076293945,22,0
68,34.599998474121094,22,0
78,34.79999923706055,22,0
57,34.70000076293945,22,0
80,34.5,22,0
60,34.900001525878906,22,0
77,34.20000076293945,22,0
70,34.70000076293945,22,0
67,34.29999923706055,22,0
78,34.5,22,0
69,34.79999923706055,22,0
80,34.599998474121094,22,0
55,34.900001525878906,22,0
82,34.70000076293945,22,0
52,34.5,22,0
84,34.400001525878906,22,0
53,34.29999923706055,22,0
85,34.20000076293945,22,0
58,34.20000076293945,22,0
81,34.599998474121094,22,0
61,34.599998474121094,22,0
75,34.79999923706055,22,0
68,34.5,22,0
70,34.79999923706055,22,0
78,34.5,22,0
59,34.79999923706055,22,0
86,34.70000076293945,22,0
55,34,22,0
87,34.70000076293945,22,0
55,34.599998474121094,22,0
85,34.79999923706055,22,0
60,34.79999923706055,22,0
76,34.599998474121094,22,0
72,34.79999923706055,22,0
62,34.70000076293945,22,0
81,34.400001525878906,22,0
54,34.5,22,0
82,34.900001525878906,22,0
50,34.29999923706055,22,0
83,34.70000076293945,22,0
48,34.5,22,0
83,34.599998474121094,22,0
53,34.900001525878906,22,0
76,34.29999923706055,22,0
56,34.5,22,0
76,34.599998474121094,22,0
56,34.900001525878906,22,0
77,34.20000076293945,22,0
55,34.29999923706055,22,0
81,34.70000076293945,22,0
53,34.400001525878906,22,0
86,34.900001525878906,22,0
48,34.400001525878906,22,0
92,34.099998474121094,22,0
52,34.70000076293945,22,0
89,34.599998474121094,22,0
57,34.400001525878906,22,0
79,34.20000076293945,22,0
69,34.400001525878906,22,0
57,34.900001525878906,22,0
87,34.599998474121094,22,0
38,34.5,22,0
94,34.400001525878906,22,0
44,34.29999923706055,22,0
92,34.20000076293945,22,0
56,34,22,0
74,34.20000076293945,22,0
76,34.900001525878906,22,0
45,34.900001525878906,22,0
92,34.5,22,0
42,34.5,22,0
94,34.900001525878906,22,0
56,34.5,22,0
78,34,22,0
76,34.900001525878906,22,0
47,34.900001525878906,22,0
88,34,22,0
46,34.20000076293945,22,0
93,34,22,0
58,34,21,0
75,34.599998474121094,21,0
75,34.29999923706055,21,0
50,34.900001525878906,22,0
85,34.400001525878906,22,0
55,34.599998474121094,22,0
84,34.79999923706055,22,0
70,34.70000076293945,22,0
57,34.5,22,0
81,34.70000076293945,22,0
56,34.599998474121094,22,0
77,34.79999923706055,22,0
81,34.5,22,0
42,34.70000076293945,22,0
93,34.5,22,0
50,34.599998474121094,22,0
75,34,22,0
86,34,22,0
34,34.20000076293945,22,0
98,34.400001525878906,22,0
48,34,22,0
77,34.20000076293945,22,0
80,34.400001525878906,22,0
45,34.70000076293945,22,0
91,34.400001525878906,22,0
62,34.400001525878906,22,0
60,34,22,0
82,34,22,0
61,34.20000076293945,22,0
66,34.900001525878906,22,0
91,34.400001525878906,22,0
44,34.099998474121094,22,0
83,34.400001525878906,22,0
105,34.70000076293945,22,0
54,34.70000076293945,22,0
129,34.20000076293945,22,0
88,34.20000076293945,22,0
96,34.099998474121094,22,0
114,34.099998474121094,22,0
88,34.900001525878906,22,0
99,34.5,22,0
110,34.79999923706055,22,0
77,34.400001525878906,22,0
104,34.5,22,0
114,34.900001525878906,22,0
60,34,22,0
121,34.70000076293945,22,0
95,34.099998474121094,22,0
74,34.79999923706055,22,0
111,34.599998474121094,22,0
97,34.900001525878906,22,0
75,34.400001525878906,22,0
104,34.099998474121094,22,0
115,34.79999923706055,22,0
63,34.79999923706055,22,0
121,34.599998474121094,22,0
104,34.70000076293945,22,0
78,34.5,22,0
87,34.70000076293945,22,0
72,34.599998474121094,22,0
81,34.79999923706055,22,0
106,34.79999923706055,22,0
119,34.599998474121094,22,0
63,34.900001525878906,22,0
113,34.400001525878906,22,0
75,34.5,22,0
45,34.29999923706055,22,0
82,34.599998474121094,22,0
95,34.5,22,0
71,34.70000076293945,22,0
72,34.70000076293945,22,0
102,34.599998474121094,22,0
45,34.900001525878906,22,0
73,34.20000076293945,22,0
96,34.400001525878906,22,0
82,34.70000076293945,22,0
68,34.400001525878906,22,0
102,34.70000076293945,22,0
94,34.5,22,0
38,34.900001525878906,22,0
94,34.20000076293945,22,0
68,34.5,22,0
60,34.900001525878906,22,0
73,34,22,0
92,34.400001525878906,22,0
52,34.400001525878906,22,0
58,34.900001525878906,22,0
95,34.29999923706055,22,0
62,34.5,22,0
58,34.099998474121094,22,0
83,34.400001525878906,22,0
75,34.099998474121094,22,0
55,34.900001525878906,22,0
93,34.5,22,0
84,34.5,22,0
61,34.5,22,0
61,34.5,22,0
65,34.599998474121094,22,0
82,34.599998474121094,22,0
56,34.599998474121094,22,0
71,34,22,0
72,34.900001525878906,22,0
74,34.20000076293945,22,0
65,34.20000076293945,22,0
65,34.29999923706055,22,0
85,34.20000076293945,22,0
60,34.099998474121094,22,0
72,34.099998474121094,22,0
67,34,22,0
82,34.79999923706055,22,0
62,34,22,0
68,34.79999923706055,22,0
82,34.599998474121094,22,0
64,34.5,22,0
73,34.099998474121094,22,0
62,34.599998474121094,22,0
85,34.79999923706055,22,0
63,34.5,22,0
69,34.599998474121094,22,0
68,34.900001525878906,22,0
75,34.400001525878906,22,0
78,34.70000076293945,22,0
56,34.70000076293945,22,0
79,34.20000076293945,22,0
66,34.20000076293945,22,0
81,34.79999923706055,22,0
57,34.599998474121094,21,0
73,34,21,0
73,34,21,0
71,34.20000076293945,21,0
71,34.29999923706055,21,0
59,34.20000076293945,21,0
86,34.29999923706055,21,0
64,34.29999923706055,21,0
72,34.400001525878906,21,0
62,34.5,21,0
81,34.5,21,0
69,34.70000076293945,21,0
61,34.29999923706055,21,0
78,34.29999923706055,21,0
67,34.20000076293945,21,0
80,34.400001525878906,21,0
54,34.400001525878906,21,0
78,34.400001525878906,21,0
68,34.29999923706055,21,0
77,34.400001525878906,21,0
62,34.29999923706055,21,0
64,34.29999923706055,21,0
83,34.29999923706055,21,0
64,34.20000076293945,21,0
74,34.400001525878906,21,0
57,34.29999923706055,21,0
84,34.20000076293945,21,0
66,34.70000076293945,21,0
68,34.099998474121094,21,0
67,34.20000076293945,21,0
73,34.400001525878906,21,0
79,34.29999923706055,21,0
55,34.099998474121094,21,0
78,34.400001525878906,21,0
67,34.29999923706055,21,0
80,34.20000076293945,21,0
57,34.29999923706055,21,0
74,34.29999923706055,21,0
74,34.20000076293945,21,0
66,34.5,21,0
71,34.5,21,0
63,34.099998474121094,21,0
85,34.099998474121094,21,0
61,34.20000076293945,21,0
70,34.5,21,0
69,34,21,0
79,34.70000076293945,21,0
67,34.29999923706055,21,0
56,34.5,21,0
83,34.400001525878906,21,0
66,34.5,21,0
77,34.79999923706055,21,0
53,34.70000076293945,21,0
84,34.20000076293945,21,0
73,34,21,0
71,34.70000076293945,21,0
61,34.400001525878906,21,0
70,34.599998474121094,21,0
84,34.900001525878906,21,0
60,34.29999923706055,21,0
71,34.5,21,0
63,34.70000076293945,21,0
84,34.900001525878906,21,0
65,34.099998474121094,21,0
65,34.900001525878906,21,0
73,34,21,0
70,34.29999923706055,21,0
81,34.5,21,0
53,34.70000076293945,21,0
78,34.099998474121094,21,0
68,34.599998474121094,21,0
80,34.599998474121094,21,0
58,34.900001525878906,21,0
70,34.099998474121094,21,0
79,34,21,0
66,34.70000076293945,21,0
73,34.400001525878906,21,0
60,34.29999923706055,21,0
85,34.29999923706055,21,0
62,34.29999923706055,21,0
70,34.29999923706055,21,0
68,34.400001525878906,21,0
78,34.29999923706055,21,0
73,34.400001525878906,21,0
56,34.400001525878906,21,0
81,34.099998474121094,21,0
66,34.400001525878906,21,0
80,34.400001525878906,21,0
55,34.5,21,0
76,34.5,21,0
72,34.5,21,0
74,34.5,21,0
68,34.599998474121094,21,0
61,34.900001525878906,21,0
85,34,21,0
64,34.400001525878906,21,0
73,34.79999923706055,21,0
60,34,21,0
82,34.70000076293945,21,0
69,34.20000076293945,21,0
65,34.79999923706055,21,0
72,34.099998474121094,21,0
69,34.099998474121094,21,0
83,34,21,0
55,34,21,0
75,34.099998474121094,21,0
69,34.400001525878906,21,0
80,34.29999923706055,21,0
58,34.20000076293945,21,0
68,34.29999923706055,21,0
80,34.099998474121094,21,0
64,34.5,21,0
74,34.70000076293945,21,0
57,34.29999923706055,21,0
86,34.20000076293945,21,0
69,34.400001525878906,21,0
70,34.29999923706055,21,0
61,34.20000076293945,21,0
74,34.400001525878906,21,0
82,34.400001525878906,21,0
61,34.400001525878906,21,0
71,34.400001525878906,21,0
63,34.20000076293945,21,0
86,34.20000076293945,21,0
59,34.400001525878906,21,0
68,34.29999923706055,21,0
72,34.20000076293945,21,0
74,34.70000076293945,21,0
74,34.29999923706055,21,0
54,34.900001525878906,21,0
86,34,21,0
66,34.5,21,0
72,34.599998474121094,21,0
64,34.70000076293945,21,0
59,34.29999923706055,21,0
81,34.099998474121094,21,0
67,34.20000076293945,21,0
84,34.099998474121094,21,0
65,34.20000076293945,22,0
74,34.20000076293945,21,0
61,34.5,21,0
84,34.5,21,0
61,34.29999923706055,21,0
67,34.400001525878906,21,0
76,34.400001525878906,21,0
68,34.5,21,0
70,34.400001525878906,21,0
65,34.400001525878906,21,0
85,34.5,21,0
56,34.400001525878906,21,0
74,34.400001525878906,21,0
71,34.29999923706055,21,0
76,34.20000076293945,21,0
67,34.400001525878906,21,0
67,34.5,21,0
84,34.400001525878906,21,0
59,34.29999923706055,21,0
71,34.29999923706055,21,0
68,34.29999923706055,21,0
81,34.20000076293945,21,0
56,34.400001525878906,21,0
76,34.400001525878906,21,0
76,34.20000076293945,21,0
62,34.400001525878906,21,0
73,34.400001525878906,21,0
67,34.400001525878906,21,0
79,34.20000076293945,21,0
54,34.400001525878906,21,0
84,34.400001525878906,21,0
69,34.900001525878906,21,0
67,34,21,0
71,34.70000076293945,21,0
71,34.20000076293945,21,0
79,34.79999923706055,21,0
52,34.900001525878906,21,0
85,34,21,0
67,34.79999923706055,21,0
73,34,21,0
60,34.099998474121094,21,0
78,34.70000076293945,21,0
76,34.29999923706055,21,0
57,34.400001525878906,21,0
79,34,21,0
67,34.79999923706055,21,0
79,34.099998474121094,21,0
54,34.599998474121094,21,0
82,34.79999923706055,21,0
71,34.099998474121094,21,0
68,34.599998474121094,21,0
68,34,21,0
70,34.599998474121094,21,0
83,34.900001525878906,21,0
54,34.20000076293945,21,0
80,34.79999923706055,21,0
69,34.20000076293945,21,0
76,34.400001525878906,21,0
58,34.29999923706055,21,0
77,34.29999923706055,21,0
79,34.29999923706055,21,0
58,34.29999923706055,21,0
76,34.099998474121094,21,0
66,34.400001525878906,21,0
81,34.400001525878906,21,0
56,34.29999923706055,21,0
78,34.20000076293945,21,0
72,34.5,21,0
65,34.29999923706055,21,0
66,34.29999923706055,21,0
67,34.20000076293945,21,0
83,34.400001525878906,21,0
55,34.29999923706055,21,0
78,34.20000076293945,21,0
68,34.70000076293945,21,0
75,34.20000076293945,21,0
59,34.400001525878906,21,0
76,34.099998474121094,21,0
79,34.5,21,0
55,34.400001525878906,21,0
77,34.29999923706055,21,0
75,34,21,0
70,34.20000076293945,21,0
30,34.29999923706055,23,0
74,34.29999923706055,25,0
60,34.20000076293945,25,0
45,34.79999923706055,24,0
53,34.5,24,0
133,34.400001525878906,23,0
80,34.29999923706055,23,0
52,34.400001525878906,22,0
252,34.099998474121094,22,1
70,34.599998474121094,23,0
222,34,22,1
29,34.099998474121094,22,0
61,34.70000076293945,22,0
59,34.599998474121094,22,0
373,34.5,22,1
61,34.599998474121094,22,0
0,34.599998474121094,22,0
737,34.5,22,2
0,34.599998474121094,22,0
71,34.900001525878906,22,0
87,34,22,0
54,34.79999923706055,22,0
55,34.400001525878906,22,0
167,34,22,0
56,34.79999923706055,22,0
210,34.400001525878906,22,1
31,35,20,0
49,35.900001525878906,20,0
49,35.099998474121094,20,0
49,35.5,20,0
49,35.29999923706055,20,0
49,35,20,0
48,35,20,0
49,35.29999923706055,20,0
49,35.70000076293945,20,0
49,35.900001525878906,20,0
49,35.099998474121094,20,0
49,35.099998474121094,20,0
49,35.599998474121094,20,0
48,35,20,0
49,35.900001525878906,20,0
49,35.400001525878906,20,0
49,35.900001525878906,20,0
48,35.599998474121094,20,0
49,35.29999923706055,20,0
50,35.79999923706055,20,0
49,35.099998474121094,20,0
49,35.20000076293945,20,0
49,36,19,0
49,36.79999923706055,19,0
48,36.70000076293945,19,0
49,36,19,0
48,36.099998474121094,19,0
49,36.599998474121094,19,0
48,36,19,0
48,36.79999923706055,19,0
49,36.900001525878906,19,0
49,36.29999923706055,19,0
48,36.599998474121094,19,0
49,36.79999923706055,19,0
49,36.29999923706055,19,0
48,36.400001525878906,19,0
48,36.70000076293945,19,0
48,36.20000076293945,19,0
48,36.20000076293945,19,0
48,36.5,19,0
47,36.79999923706055,19,0
48,36,19,0
49,36.20000076293945,18,0
48,36.599998474121094,18,0
48,36.20000076293945,18,0
48,36.400001525878906,18,0
48,36.5,18,0
48,36.70000076293945,18,0
47,36.70000076293945,18,0
48,36,18,0
48,36.20000076293945,18,0
48,36.79999923706055,18,0
48,36.900001525878906,18,0
48,36.70000076293945,19,0
48,36.599998474121094,19,0
48,36.5,19,0
47,36.5,18,0
48,36.599998474121094,18,0
48,36.5,18,0
48,36.599998474121094,18,0
48,36,18,0
48,36.79999923706055,18,0
48,36.400001525878906,18,0
48,36.79999923706055,18,0
47,36.70000076293945,18,0
47,36.599998474121094,18,0
48,36.5,18,0
48,36.599998474121094,18,0
48,36.599998474121094,18,0
48,36.099998474121094,18,0
48,36.900001525878906,18,0
48,36.29999923706055,18,0
49,36.79999923706055,18,0
47,36.70000076293945,18,0
48,36.099998474121094,18,0
48,36,18,0
47,36.900001525878906,18,0
47,36.400001525878906,18,0
48,36.599998474121094,18,0
48,36.20000076293945,18,0
47,36.29999923706055,18,0
49,36.70000076293945,18,0
47,36.900001525878906,18,0
48,36,18,0
48,36,18,0
48,36.099998474121094,18,0
48,36.70000076293945,18,0
48,36.900001525878906,18,0
48,36.70000076293945,18,0
48,36.599998474121094,18,0
48,36.70000076293945,18,0
47,36.70000076293945,18,0
49,36.599998474121094,18,0
48,36,18,0
48,36.79999923706055,18,0
47,36.599998474121094,18,0
47,36.5,18,0
48,36.099998474121094,18,0
47,36.599998474121094,18,0
47,36.5,18,0
48,36,17,0
47,36.599998474121094,17,0
47,36.900001525878906,18,0
47,36.400001525878906,18,0
48,36.400001525878906,17,0
47,36.5,18,0
48,36.29999923706055,18,0
48,36.900001525878906,17,0
48,36.79999923706055,17,0
47,36.5,17,0
47,36.79999923706055,17,0
48,36.20000076293945,17,0
48,36.900001525878906,17,0
48,36.79999923706055,17,0
47,36.099998474121094,17,0
49,36.099998474121094,17,0
48,36.20000076293945,17,0
48,36.900001525878906,17,0
47,36.900001525878906,17,0
48,36.400001525878906,18,0
48,36.5,18,0
48,36.29999923706055,17,0
48,36.400001525878906,17,0
47,36.599998474121094,17,0
48,36.5,17,0
47,36.099998474121094,17,0
48,36.5,17,0
48,36.29999923706055,17,0
48,36.70000076293945,17,0
48,36.599998474121094,17,0
46,36.599998474121094,17,0
47,36.5,17,0
48,36.900001525878906,17,0
48,36.400001525878906,17,0
47,36.79999923706055,17,0
48,36.5,17,0
48,36.20000076293945,17,0
48,36,17,0
47,36.29999923706055,17,0
48,36.900001525878906,17,0
48,36,17,0
48,36.29999923706055,17,0
48,36,17,0
48,36.20000076293945,17,0
48,36.20000076293945,17,0
48,36.79999923706055,17,0
48,36.70000076293945,17,0
48,36.900001525878906,17,0
48,36.099998474121094,17,0
48,36.70000076293945,17,0
48,36.70000076293945,17,0
47,36.900001525878906,17,0
47,36.70000076293945,17,0
48,36.400001525878906,17,0
47,36.79999923706055,17,0
48,36.79999923706055,17,0
48,36.900001525878906,17,0
49,36.099998474121094,17,0
48,36.29999923706055,17,0
50,36.099998474121094,17,0
51,36.79999923706055,17,0
51,36.5,17,0
47,36.29999923706055,17,0
45,36.5,17,0
47,36,17,0
48,36.29999923706055,17,0
48,36.5,17,0
47,36.5,17,0
47,36.79999923706055,17,0
47,36.5,16,0
47,36.79999923706055,16,0
47,36,16,0
47,36.900001525878906,16,0
46,36.20000076293945,16,0
47,36.20000076293945,16,0
47,36.5,16,0
48,36.400001525878906,16,0
47,36.400001525878906,16,0
47,36.5,16,0
47,36.599998474121094,15,0
47,36.400001525878906,15,0
47,36.400001525878906,16,0
47,36.099998474121094,16,0
48,36.79999923706055,16,0
48,36.099998474121094,16,0
48,36.400001525878906,16,0
48,36.099998474121094,15,0
48,36.79999923706055,16,0
48,36.5,16,0
48,36.099998474121094,16,0
48,36.5,16,0
48,36.79999923706055,16,0
48,36,16,0
48,36,16,0
48,35.20000076293945,16,0
48,36.599998474121094,16,0
49,35.20000076293945,16,0
48,35,17,0
48,35.20000076293945,17,0
49,35.79999923706055,17,0
49,35.20000076293945,17,0
48,35.599998474121094,17,0
49,35.5,16,0
49,35.099998474121094,16,0
49,35.5,16,0
49,35.79999923706055,16,0
49,35.29999923706055,17,0
49,35.900001525878906,17,0
50,35.400001525878906,18,0
49,35.79999923706055,17,0
49,35,18,0
49,35.400001525878906,18,0
49,35.29999923706055,18,0
49,35.900001525878906,18,0
50,35.400001525878906,18,0
50,35.900001525878906,19,0
50,35.20000076293945,20,0
49,35,20,0
50,35.79999923706055,20,0
50,35.5,20,0
50,35.20000076293945,20,0
49,35.20000076293945,20,0
50,35.29999923706055,20,0
50,35.400001525878906,20,0
49,35.79999923706055,20,0
50,35.5,20,0
49,35.70000076293945,20,0
50,35.29999923706055,20,0
50,35.5,20,0
49,35.900001525878906,19,0
50,35.099998474121094,19,0
50,35.599998474121094,19,0
49,35.599998474121094,20,0
49,35.79999923706055,20,0
50,35.099998474121094,20,0
50,35.099998474121094,20,0
49,35.400001525878906,20,0
49,35.29999923706055,20,0
49,35.099998474121094,20,0
49,35,20,0
49,35.20000076293945,20,0
50,35.20000076293945,20,0
50,35.20000076293945,20,0
50,35.599998474121094,20,0
49,35.400001525878906,20,0
49,35.400001525878906,20,0
50,35.400001525878906,20,0
49,35.29999923706055,20,0
49,35.20000076293945,20,0
50,35.20000076293945,20,0
49,35.900001525878906,20,0
49,35.900001525878906,20,0
49,35.79999923706055,20,0
49,35.5,23,0
49,35.900001525878906,23,0
61,35.70000076293945,24,0
61,35.29999923706055,24,0
61,35.29999923706055,25,0
61,35.5,22,0
61,35,24,0
61,35.70000076293945,21,0
61,35.599998474121094,20,0
61,35.900001525878906,20,0
61,35.29999923706055,20,0
61,35.900001525878906,20,0
61,35.599998474121094,20,0
61,35.900001525878906,20,0
61,35.5,20,0
80,35,20,0
60,35,20,0
61,35.099998474121094,20,0
61,35.29999923706055,20,0
78,35.599998474121094,20,0
38,35.20000076293945,20,0
54,35,20,0
49,35.20000076293945,20,0
59,35.599998474121094,20,0
138,35.20000076293945,22,0
54,35.400001525878906,22,0
61,35.599998474121094,25,0
40,35.70000076293945,24,0
75,35.099998474121094,22,0
63,35.599998474121094,22,0
70,35.20000076293945,21,0
63,35.099998474121094,21,0
46,35.900001525878906,21,0
59,35.70000076293945,21,0
57,35.70000076293945,20,0
79,35.099998474121094,20,0
57,35.29999923706055,20,0
66,35.29999923706055,20,0
41,35.79999923706055,20,0
54,35.900001525878906,20,0
72,35.5,20,0
69,35.400001525878906,20,0
77,35.5,20,0
45,35.599998474121094,20,0
57,35.79999923706055,21,0
32,35.599998474121094,21,0
88,35.79999923706055,22,0
79,35.79999923706055,22,0
75,35.599998474121094,21,0
57,35.20000076293945,21,0
32,35.70000076293945,21,0
78,35.400001525878906,20,0
66,35,20,0
75,35.29999923706055,20,0
44,35.5,20,0
54,35.599998474121094,20,0
64,35,20,0
78,35.400001525878906,21,0
70,35.400001525878906,20,0
41,35.20000076293945,20,0
48,35.70000076293945,20,0
68,35.29999923706055,20,0
79,35.900001525878906,21,0
56,35.099998474121094,20,0
50,35.099998474121094,20,0
29,35.5,21,0
80,35.599998474121094,21,0
83,35,21,0
62,35.5,20,0
49,35,20,0
25,35.29999923706055,20,0
86,35.400001525878906,20,0
73,35.79999923706055,20,0
75,35,20,0
34,35.5,20,0
39,35.400001525878906,20,0
81,35.400001525878906,20,0
77,35.099998474121094,21,0
74,35.79999923706055,21,0
31,35.70000076293945,20,0
41,35.900001525878906,21,0
68,35.79999923706055,21,0
91,35.70000076293945,21,0
69,35.400001525878906,21,0
51,35.20000076293945,20,0
31,35.099998474121094,20,0
56,35.599998474121094,20,0
92,35.400001525878906,21,0
66,35,21,0
51,35.5,21,0
38,35.099998474121094,20,0
84,35.900001525878906,20,0
81,35.599998474121094,20,0
65,35.5,20,0
40,35.5,20,0
29,35.79999923706055,20,0
87,35.70000076293945,20,0
62,35.79999923706055,20,0
73,35.79999923706055,20,0
45,35.900001525878906,21,0
56,35.099998474121094,21,0
56,35.900001525878906,21,0
72,35.5,21,0
76,35.70000076293945,21,0
53,35.20000076293945,21,0
57,35.099998474121094,21,0
32,35.900001525878906,21,0
77,35.20000076293945,21,0
64,35.5,21,0
77,35.79999923706055,21,0
49,35.70000076293945,20,0
40,35,21,0
64,35.20000076293945,21,0
70,35,21,0
86,35.29999923706055,21,0
47,35.5,21,0
54,35.70000076293945,21,0
55,35.900001525878906,21,0
81,35.20000076293945,21,0
64,35.099998474121094,21,0
53,35.5,21,0
45,35.79999923706055,21,0
59,35.70000076293945,21,0
87,35.599998474121094,21,0
59,35,21,0
59,35.29999923706055,21,0
34,35.599998474121094,21,0
77,35.599998474121094,21,0
70,35.20000076293945,21,0
71,35.70000076293945,21,0
52,35.20000076293945,21,0
35,35.099998474121094,21,0
80,35.79999923706055,21,0
65,35.79999923706055,21,0
75,35.79999923706055,21,0
43,35.70000076293945,21,0
53,35.900001525878906,21,0
65,35.29999923706055,21,0
75,35.79999923706055,21,0
70,35.70000076293945,21,0
40,35.79999923706055,21,0
45,35.29999923706055,21,0
63,35.599998474121094,21,0
91,35.900001525878906,21,0
60,35.599998474121094,20,0
51,35.900001525878906,20,0
32,35.599998474121094,20,0
80,35,20,0
85,35.5,20,0
59,35.400001525878906,20,0
52,35.099998474121094,20,0
30,35.5,20,0
85,35.400001525878906,20,0
75,35.099998474121094,21,0
83,35.70000076293945,21,0
34,35.5,21,0
33,35.70000076293945,22,0
80,35.599998474121094,21,0
67,35.79999923706055,21,0
74,35.79999923706055,21,0
34,35.70000076293945,21,0
37,35.5,21,0
78,35.70000076293945,21,0
85,35.5,21,0
51,35.70000076293945,21,0
42,35.5,21,0
68,35.79999923706055,21,0
75,35.79999923706055,21,0
84,35.70000076293945,21,0
39,35.599998474121094,21,0
45,35,20,0
67,35.70000076293945,20,0
83,35.70000076293945,20,0
57,35.20000076293945,20,0
41,35.70000076293945,20,0
30,35,20,0
81,35.20000076293945,20,0
99,35.599998474121094,20,0
60,35.099998474121094,20,0
41,35.5,20,0
44,35.400001525878906,20,0
95,35.20000076293945,20,0
72,35.599998474121094,20,0
60,35.400001525878906,21,0
42,35.900001525878906,21,0
49,35.79999923706055,22,0
92,35.900001525878906,22,0
65,35,21,0
69,35.900001525878906,21,0
20,35,21,0
60,35.79999923706055,21,0
86,35.400001525878906,21,0
89,35,21,0
54,35.79999923706055,21,0
18,35.70000076293945,21,0
75,35.400001525878906,22,0
84,35.5,21,0
87,35.599998474121094,21,0
32,35.599998474121094,21,0
32,35.5,21,0
69,35.5,21,0
75,35.70000076293945,21,0
60,35.400001525878906,21,0
41,35.900001525878906,21,0
73,35.900001525878906,21,0
84,35.900001525878906,21,0
95,35.099998474121094,21,0
40,35.79999923706055,22,0
30,35.900001525878906,21,0
68,35.900001525878906,21,0
97,35.5,21,0
78,35,21,0
31,35.099998474121094,21,0
38,35.29999923706055,21,0
82,35.599998474121094,21,0
100,35.5,21,0
44,35.5,21,0
30,35.5,21,0
69,35.29999923706055,21,0
99,35.599998474121094,21,0
72,35,21,0
42,35.29999923706055,21,0
69,35.20000076293945,21,0
64,35.099998474121094,21,0
80,35,21,0
44,35.79999923706055,21,0
53,35.900001525878906,21,0
67,35.29999923706055,21,0
76,35.70000076293945,21,0
62,35.400001525878906,20,0
42,35,20,0
68,35.70000076293945,20,0
77,34.29999923706055,21,0
95,35.20000076293945,20,0
48,35.400001525878906,20,0
39,34.5,21,0
49,34.5,21,0
91,34.70000076293945,21,0
80,34.20000076293945,21,0
42,34.29999923706055,21,0
40,34.400001525878906,21,0
64,34.29999923706055,21,0
86,34.400001525878906,21,0
53,34.5,21,0
43,34.599998474121094,21,0
35,34.79999923706055,21,0
91,34.79999923706055,21,0
81,34.099998474121094,21,0
47,34.599998474121094,21,0
46,34.900001525878906,21,0
61,34.099998474121094,21,0
90,34.599998474121094,21,0
61,34,21,0
52,34.79999923706055,21,0
41,34.20000076293945,21,0
83,34.400001525878906,21,0
81,34.29999923706055,21,0
47,34.29999923706055,21,0
46,34.29999923706055,21,0
65,34.400001525878906,21,0
90,34.5,21,0
51,34.5,21,0
45,34.5,21,0
64,34.70000076293945,21,0
82,34.900001525878906,21,0
67,34.29999923706055,20,0
36,34.400001525878906,21,0
72,34.400001525878906,21,0
70,34.20000076293945,21,0
79,34.900001525878906,22,0
37,34.20000076293945,21,0
54,34.900001525878906,21,0
74,34.900001525878906,21,0
79,34.900001525878906,21,0
63,34.79999923706055,21,0
32,34.900001525878906,21,0
74,34.20000076293945,21,0
69,34.20000076293945,21,0
81,34.5,21,0
41,34.29999923706055,21,0
44,34.400001525878906,21,0
68,34.599998474121094,20,0
78,34.20000076293945,21,0
79,34.400001525878906,21,0
40,34.29999923706055,21,0
47,34.099998474121094,21,0
57,34.29999923706055,21,0
89,34.400001525878906,21,0
69,34.099998474121094,21,0
60,34.400001525878906,21,0
35,34.5,21,0
58,34.400001525878906,21,0
87,34.599998474121094,20,0
66,34.400001525878906,20,0
60,34.599998474121094,20,0
27,34.5,20,0
87,34.099998474121094,20,0
74,34.70000076293945,20,0
61,34.20000076293945,20,0
35,34.599998474121094,20,0
68,34.099998474121094,20,0
85,34.5,20,0
50,34.70000076293945,21,0
55,34.400001525878906,20,0
57,34.599998474121094,20,0
85,34.20000076293945,20,0
61,34.70000076293945,20,0
51,34.900001525878906,20,0
50,34.5,20,0
72,34.70000076293945,20,0
83,34.099998474121094,20,0
48,34.599998474121094,20,0
55,34,20,0
49,34.400001525878906,20,0
86,34.599998474121094,20,0
69,34.400001525878906,20,0
58,34.20000076293945,20,0
48,34.5,20,0
62,34.79999923706055,20,0
87,34.70000076293945,20,0
55,34.099998474121094,20,0
56,34.400001525878906,20,0
43,34,20,0
87,34.5,20,0
71,34.400001525878906,21,0
55,34.20000076293945,21,0
52,34.29999923706055,21,0
63,34,21,0
85,34.099998474121094,21,0
52,34.599998474121094,21,0
56,34.900001525878906,21,0
57,34.70000076293945,21,0
80,34.29999923706055,21,0
57,34.400001525878906,21,0
47,34.400001525878906,21,0
75,34.29999923706055,21,0
63,34.20000076293945,21,0
70,34.900001525878906,21,0
37,34.099998474121094,20,0
81,34,20,0
65,34.5,20,0
67,34.400001525878906,21,0
46,34.20000076293945,21,0
58,34.79999923706055,21,0
83,34.20000076293945,21,0
56,34.29999923706055,21,0
62,34.099998474121094,21,0
39,34.5,21,0
85,34.5,21,0
64,34.400001525878906,21,0
61,34.29999923706055,21,0
45,34.20000076293945,21,0
70,34.400001525878906,21,0
81,34.20000076293945,20,0
47,34.20000076293945,20,0
50,34.20000076293945,20,0
67,34.400001525878906,21,0
91,34.5,21,0
52,34,21,0
49,34.099998474121094,21,0
80,34.400001525878906,21,0
70,34.400001525878906,21,0
60,34.20000076293945,21,0
34,34.099998474121094,21,0
91,34.599998474121094,20,0
62,34.79999923706055,20,0
53,34.79999923706055,20,0
55,34.099998474121094,20,0
81,34,21,0
65,34.70000076293945,21,0
30,34,21,0
92,34.900001525878906,21,0
64,34,20,0
50,34,21,0
65,34.099998474121094,20,0
87,34,21,0
42,34.400001525878906,20,0
57,34.70000076293945,20,0
87,34.20000076293945,20,0
44,34.5,21,0
54,34.29999923706055,20,0
72,34.599998474121094,21,0
72,34.900001525878906,21,0
27,34.900001525878906,21,0
90,34,20,0
73,34.900001525878906,21,0
38,34.79999923706055,20,0
78,34.599998474121094,21,0
71,34.5,21,0
57,34.5,21,0
48,34.20000076293945,20,0
91,34,20,0
48,34.900001525878906,20,0
51,34.29999923706055,20,0
84,34.70000076293945,20,0
52,34.099998474121094,21,0
53,34.70000076293945,21,0
67,34,20,0
74,34.70000076293945,20,0
32,34.5,20,0
87,34.599998474121094,20,0
67,34.099998474121094,20,0
50,34.5,20,0
66,34.79999923706055,20,0
72,34.5,20,0
69,34.400001525878906,20,0
31,34.5,20,0
87,34.70000076293945,20,0
67,34.79999923706055,20,0
59,34.900001525878906,20,0
41,34,20,0
81,34.599998474121094,20,0
78,34.400001525878906,20,0
42,34.599998474121094,20,0
59,34,20,0
68,34.900001525878906,20,0
79,34.5,20,0
36,34.79999923706055,20,0
77,34.29999923706055,20,0
73,34.70000076293945,20,0
53,34.20000076293945,20,0
53,34.099998474121094,20,0
68,34.099998474121094,20,0
77,34.5,20,0
34,34.099998474121094,20,0
84,34.5,20,0
67,34.900001525878906,20,0
55,34.70000076293945,20,0
57,34.900001525878906,20,0
76,34.29999923706055,20,0
61,34.099998474121094,20,0
40,34,20,0
88,34.20000076293945,20,0
51,34.5,20,0
51,34.900001525878906,20,0
69,34,20,0
72,34.5,20,0
39,34.400001525878906,20,0
72,34.599998474121094,20,0
75,34,20,0
34,34.5,20,0
86,34.20000076293945,20,0
61,34.5,20,0
52,34.29999923706055,20,0
69,34.70000076293945,20,0
74,34.099998474121094,20,0
46,34.599998474121094,20,0
70,34.099998474121094,20,0
78,34.900001525878906,20,0
33,34.29999923706055,20,0
88,34.70000076293945,20,0
58,34.29999923706055,20,0
51,34.70000076293945,20,0
70,34.20000076293945,20,0
74,34.099998474121094,20,0
51,34.099998474121094,20,0
68,34.29999923706055,20,0
80,34.400001525878906,20,0
37,34.599998474121094,20,0
80,34.29999923706055,20,0
69,34.20000076293945,20,0
56,34.400001525878906,20,0
54,34.900001525878906,20,0
81,34.900001525878906,20,0
57,34.20000076293945,20,0
43,34,20,0
90,34.29999923706055,20,0
50,34.099998474121094,20,0
52,34.79999923706055,20,0
70,34.20000076293945,20,0
72,34.5,20,0
42,34.5,20,0
75,34.900001525878906,20,0
77,34.29999923706055,20,0
34,34.70000076293945,20,0
86,34.70000076293945,20,0
65,34.099998474121094,20,0
55,34.599998474121094,20,0
61,34.29999923706055,20,0
85,34.29999923706055,20,0
45,34.79999923706055,20,0
55,34.79999923706055,20,0
87,34.70000076293945,20,0
43,34.20000076293945,20,0
60,34.099998474121094,20,0
69,34.099998474121094,20,0
64,34.29999923706055,20,0
42,34.900001525878906,20,0
85,34.599998474121094,20,0
54,34.29999923706055,20,0
44,34.5,20,0
89,34.400001525878906,20,0
46,34.79999923706055,20,0
63,34.900001525878906,20,0
64,34.79999923706055,20,0
66,34.400001525878906,20,0
36,34.79999923706055,20,0
82,34.400001525878906,20,0
65,34.29999923706055,20,0
37,34.900001525878906,20,0
89,34.70000076293945,20,0
56,34.79999923706055,20,0
52,34.099998474121094,20,0
65,34,20,0
85,34.099998474121094,20,0
46,34.400001525878906,20,0
52,34.29999923706055,20,0
82,34.099998474121094,20,0
58,34.099998474121094,20,0
54,34.20000076293945,20,0
60,34.79999923706055,20,0
87,34.20000076293945,20,0
46,34.400001525878906,20,0
50,34.599998474121094,20,0
75,34.900001525878906,20,0
70,34.20000076293945,20,0
51,34,20,0
53,34.29999923706055,20,0
89,34.29999923706055,20,0
56,34.400001525878906,20,0
52,34.79999923706055,20,0
65,34.29999923706055,20,0
83,34.400001525878906,20,0
56,34.70000076293945,20,0
37,34.099998474121094,20,0
85,34.599998474121094,20,0
67,34.20000076293945,20,0
62,34.70000076293945,20,0
36,34,20,0
89,34.29999923706055,20,0
65,34.099998474121094,20,0
51,34,20,0
64,34.900001525878906,20,0
68,34,20,0
73,34.5,20,0
38,34.29999923706055,20,0
83,34.29999923706055,20,0
64,34.900001525878906,20,0
62,34.099998474121094,20,0
37,34.900001525878906,20,0
83,34.5,20,0
75,34.70000076293945,20,0
40,34.099998474121094,20,0
71,34.900001525878906,20,0
64,34,20,0
69,34.29999923706055,20,0
29,34.70000076293945,20,0
88,34,20,0
76,34.20000076293945,20,0
50,34.599998474121094,20,0
46,34.400001525878906,20,0
67,34.70000076293945,20,0
76,34.599998474121094,20,0
41,34.70000076293945,20,0
71,34.400001525878906,20,0
64,34.599998474121094,20,0
71,34.599998474121094,20,0
45,34.70000076293945,20,0
63,34.70000076293945,20,0
83,34.29999923706055,20,0
58,34.70000076293945,20,0
57,34.29999923706055,20,0
49,34.29999923706055,20,0
86,34,20,0
57,34.599998474121094,20,0
49,34.599998474121094,20,0
66,34,20,0
75,34.5,20,0
65,34.29999923706055,20,0
37,34.5,20,0
87,34.70000076293945,20,0
60,34.599998474121094,20,0
60,34.29999923706055,20,0
51,34.900001525878906,20,0
79,34.900001525878906,20,0
60,34.29999923706055,20,0
44,34.29999923706055,20,0
80,34.20000076293945,20,0
69,34.29999923706055,20,0
66,34.20000076293945,20,0
31,34.5,22,0
88,34.099998474121094,21,0
74,34.599998474121094,21,0
56,34.70000076293945,20,0
53,34.599998474121094,20,0
70,34.79999923706055,20,0
74,34.20000076293945,20,0
38,34.70000076293945,20,0
81,34.599998474121094,20,0
62,34.5,20,0
66,34.79999923706055,20,0
43,34,20,0
78,34.400001525878906,20,0
71,34.099998474121094,20,0
44,34.099998474121094,20,0
74,34,20,0
62,34.099998474121094,20,0
73,34.79999923706055,20,0
40,34.29999923706055,20,0
77,34.29999923706055,20,0
68,34.400001525878906,20,0
60,34.20000076293945,20,0
55,34.20000076293945,20,0
56,34.29999923706055,20,0
85,34.400001525878906,20,0
54,34.900001525878906,20,0
60,34,20,0
54,34.599998474121094,20,0
79,34.5,20,0
62,34.79999923706055,20,0
46,34.79999923706055,20,0
75,34.400001525878906,20,0
63,34.29999923706055,20,0
71,34.20000076293945,20,0
39,34.79999923706055,20,0
83,34.70000076293945,20,0
68,34.900001525878906,20,0
60,34.900001525878906,20,0
44,34.599998474121094,20,0
73,34.70000076293945,20,0
79,34.79999923706055,20,0
38,34.099998474121094,20,0
76,34.29999923706055,20,0
65,34.5,20,0
67,34.5,20,0
43,34.599998474121094,20,0
78,34.70000076293945,20,0
66,34.599998474121094,20,0
45,34.400001525878906,20,0
80,34.900001525878906,20,0
62,34.20000076293945,20,0
62,34.400001525878906,20,0
47,34.20000076293945,20,0
81,34,20,0
55,34.599998474121094,20,0
52,34.29999923706055,20,0
78,34.599998474121094,20,0
58,34.599998474121094,20,0
62,34.79999923706055,20,0
58,34.70000076293945,20,0
81,34.79999923706055,20,0
45,34.599998474121094,20,0
66,34,20,0
68,34.79999923706055,20,0
58,34.599998474121094,20,0
56,34.5,20,0
64,34,20,0
74,34.79999923706055,20,0
40,34,20,0
84,34.70000076293945,20,0
56,34.099998474121094,20,0
55,34.099998474121094,20,0
72,34.5,20,0
58,34,20,0
58,34.79999923706055,20,0
63,34.599998474121094,20,0
73,34.099998474121094,20,0
41,34.599998474121094,20,0
82,34.099998474121094,20,0
49,34.900001525878906,20,0
68,34.900001525878906,20,0
70,34.79999923706055,20,0
46,34.400001525878906,20,0
83,34.79999923706055,20,0
53,34.099998474121094,20,0
58,34.79999923706055,20,0
62,34.5,20,0
64,34.29999923706055,20,0
56,34.79999923706055,20,0
75,34.400001525878906,20,0
56,34.5,20,0
65,34.20000076293945,20,0
78,34,20,0
39,34.900001525878906,20,0
85,34.20000076293945,20,0
52,34.79999923706055,20,0
57,34.400001525878906,20,0
67,34.70000076293945,20,0
58,34.400001525878906,20,0
62,34.099998474121094,20,0
62,34.29999923706055,20,0
64,34.400001525878906,20,0
58,34.099998474121094,20,0
80,34.900001525878906,20,0
42,34.900001525878906,20,0
81,34.29999923706055,20,0
60,34.900001525878906,20,0
49,34.70000076293945,20,0
80,34.70000076293945,20,0
51,34.29999923706055,20,0
61,34.5,20,0
61,34.29999923706055,20,0
70,34.29999923706055,20,0
42,34.79999923706055,20,0
79,34,20,0
55,34.79999923706055,20,0
52,34.900001525878906,20,0
80,34.5,20,0
44,34.5,20,0
76,34.5,20,0
60,34.5,20,0
59,34.5,20,0
65,34.400001525878906,20,0
70,34.900001525878906,20,0
47,34.70000076293945,20,0
71,34.400001525878906,20,0
61,34.900001525878906,20,0
59,34.79999923706055,20,0
80,34.599998474121094,20,0
37,34,20,0
86,34.70000076293945,20,0
53,34.70000076293945,20,0
58,34,20,0
73,34.29999923706055,20,0
47,34.5,20,0
78,34.20000076293945,20,0
60,34.20000076293945,20,0
58,34.70000076293945,20,0
66,34.099998474121094,20,0
72,34.900001525878906,20,0
41,34.20000076293945,20,0
78,34.400001525878906,20,0
55,34.599998474121094,20,0
60,34.900001525878906,20,0
81,34.79999923706055,20,0
38,34.599998474121094,20,0
87,34.29999923706055,20,0
53,34,20,0
54,34.70000076293945,20,0
70,34.20000076293945,20,0
58,34.900001525878906,20,0
62,34.70000076293945,20,0
66,34,20,0
61,34.900001525878906,20,0
58,34,20,0
83,34.400001525878906,20,0
40,34.70000076293945,20,0
83,34.20000076293945,20,0
64,34.5,20,0
47,34.70000076293945,20,0
82,34,20,0
57,34.900001525878906,20,0
57,34.400001525878906,20,0
67,34.29999923706055,20,0
77,34,21,0
39,34.70000076293945,20,0
80,34.900001525878906,21,0
69,34.400001525878906,21,0
32,34.70000076293945,21,0
80,34.20000076293945,21,0
80,34.29999923706055,21,0
48,34.70000076293945,21,0
60,34.599998474121094,21,0
103,34.79999923706055,21,0
23,34.099998474121094,21,0
87,34.400001525878906,21,0
83,34.400001525878906,21,0
23,34.900001525878906,21,0
95,34.5,21,0
72,34.400001525878906,20,0
31,34.5,20,0
88,34.400001525878906,20,0
74,34.900001525878906,21,0
15,34.5,21,0
100,34.5,21,0
56,34.79999923706055,21,0
28,34.5,21,0
101,34.099998474121094,21,0
46,34.900001525878906,21,0
62,34.900001525878906,21,0
86,34.400001525878906,21,0
43,34.5,21,0
60,34.599998474121094,21,0
110,34.900001525878906,21,0
12,34.79999923706055,21,0
111,34.20000076293945,21,0
75,34.79999923706055,21,0
27,34.099998474121094,21,0
125,34,21,0
18,34.79999923706055,21,0
109,34.79999923706055,21,0
77,34.20000076293945,21,0
14,34.20000076293945,20,0
110,34.20000076293945,20,0
42,34.20000076293945,20,0
53,34.5,20,0
101,34.20000076293945,20,0
28,34.099998474121094,21,0
85,34.70000076293945,20,0
100,34.099998474121094,20,0
2,34.29999923706055,20,0
120,34.900001525878906,20,0
60,34.79999923706055,20,0
38,34.79999923706055,20,0
121,34.5,20,0
21,34.29999923706055,20,0
98,34.099998474121094,20,0
74,34.900001525878906,21,0
20,34.20000076293945,21,0
101,34.5,21,0
27,34.20000076293945,20,0
104,34.099998474121094,20,0
47,34,20,0
68,34.400001525878906,20,0
81,34.79999923706055,20,0
25,34.20000076293945,20,0
96,34.400001525878906,21,0
48,34.400001525878906,21,0
73,34.5,21,0
37,34.5,21,0
94,34.400001525878906,21,0
46,34.5,21,0
81,34.29999923706055,20,0
64,34.900001525878906,20,0
52,34.29999923706055,20,0
81,34.099998474121094,20,0
35,34.29999923706055,20,0
85,34.70000076293945,20,0
43,34.70000076293945,20,0
87,34.29999923706055,20,0
60,34.29999923706055,20,0
51,34.70000076293945,20,0
79,34.099998474121094,20,0
40,34,20,0
82,34.599998474121094,20,0
54,34.400001525878906,20,0
71,34.70000076293945,20,0
65,34.20000076293945,20,0
55,34.20000076293945,20,0
77,34.20000076293945,20,0
34,34.099998474121094,20,0
80,34.099998474121094,20,0
38,34.20000076293945,20,0
85,34.900001525878906,20,0
50,34.70000076293945,20,0
92,34.099998474121094,20,0
42,34,20,0
86,34.79999923706055,20,0
43,34.29999923706055,20,0
88,34.29999923706055,20,0
47,34.599998474121094,21,0
80,34.5,20,0
57,34.29999923706055,20,0
65,34.29999923706055,20,0
72,34.29999923706055,20,0
45,34.29999923706055,20,0
83,34.29999923706055,20,0
39,34.79999923706055,20,0
82,34.900001525878906,20,0
42,34,20,0
84,34.900001525878906,20,0
49,34.099998474121094,20,0
77,34.099998474121094,20,0
68,34.099998474121094,20,0
52,34.599998474121094,20,0
81,34.70000076293945,20,0
37,34.099998474121094,20,0
85,34.29999923706055,20,0
39,34.5,20,0
81,34,20,0
47,34.70000076293945,20,0
74,34.099998474121094,20,0
65,34.099998474121094,20,0
59,34.29999923706055,20,0
77,34,20,0
44,34.099998474121094,20,0
83,34.79999923706055,20,0
39,34.599998474121094,20,0
80,34.70000076293945,20,0
49,34.099998474121094,20,0
72,34.29999923706055,20,0
71,34.599998474121094,20,0
48,34.29999923706055,20,0
84,34.599998474121094,20,0
37,34.29999923706055,20,0
85,34.5,20,0
44,34,20,0
81,34.79999923706055,20,0
62,34.29999923706055,20,0
53,34.400001525878906,20,0
84,34.400001525878906,20,0
36,34.400001525878906,20,0
88,34.900001525878906,20,0
45,34.79999923706055,20,0
79,34.29999923706055,20,0
62,34.099998474121094,20,0
50,34.900001525878906,20,0
79,34.400001525878906,20,0
40,34.70000076293945,20,0
89,34.20000076293945,20,0
43,34.900001525878906,20,0
85,34.400001525878906,20,0
53,34.599998474121094,20,0
67,34.5,20,0
66,34.79999923706055,20,0
48,34.20000076293945,20,0
80,34.099998474121094,20,0
39,34.70000076293945,20,0
87,34.599998474121094,20,0
39,34,20,0
86,34.20000076293945,20,0
47,34.599998474121094,20,0
81,34.400001525878906,20,0
54,34.099998474121094,20,0
71,34.5,20,0
70,34.79999923706055,20,0
55,34,20,0
77,34.900001525878906,20,0
47,34.20000076293945,20,0
88,34.70000076293945,20,0
35,34.099998474121094,20,0
85,34.29999923706055,20,0
45,34,20,0
76,34.79999923706055,20,0
66,34.79999923706055,20,0
61,34.29999923706055,20,0
77,34.20000076293945,20,0
43,34.5,20,0
80,34,20,0
44,34.599998474121094,20,0
76,34.400001525878906,20,0
55,34.400001525878906,20,0
67,34.599998474121094,20,0
68,34.599998474121094,20,0
60,34.20000076293945,20,0
78,34.70000076293945,20,0
46,34.70000076293945,20,0
80,34.29999923706055,20,0
43,34.29999923706055,20,0
75,34.599998474121094,20,0
56,34.5,20,0
67,34.099998474121094,20,0
70,34.099998474121094,20,0
55,34.099998474121094,20,0
79,34.5,20,0
40,34.29999923706055,20,0
81,34,20,0
47,34.29999923706055,20,0
73,34.79999923706055,20,0
69,34.5,20,0
47,34.79999923706055,20,0
84,34,20,0
34,34.900001525878906,20,0
94,34.70000076293945,20,0
48,34.5,20,0
73,34.599998474121094,20,0
68,34.29999923706055,20,0
42,34.900001525878906,20,0
95,34.70000076293945,20,0
36,34.099998474121094,20,0
88,34.900001525878906,20,0
53,34.900001525878906,20,0
64,34.79999923706055,20,0
81,34.099998474121094,20,0
51,34.900001525878906,20,0
76,34.099998474121094,20,0
50,34.5,20,0
77,34.79999923706055,20,0
59,34.099998474121094,20,0
56,34.599998474121094,20,0
66,34.599998474121094,20,0
58,34.400001525878906,20,0
73,34.099998474121094,20,0
64,34.900001525878906,20,0
62,34.70000076293945,20,0
64,34,20,0
56,34.900001525878906,20,0
77,34,20,0
58,34.29999923706055,20,0
78,34.70000076293945,20,0
61,34.79999923706055,20,0
67,34.29999923706055,20,0
70,34.099998474121094,20,0
50,34,20,0
66,34.20000076293945,20,0
64,34.599998474121094,20,0
61,34,20,0
79,34,20,0
38,34,20,0
82,34.599998474121094,20,0
52,34.400001525878906,20,0
66,34.70000076293945,20,0
77,34.099998474121094,20,0
36,34.5,20,0
89,34.29999923706055,20,0
44,34.099998474121094,20,0
80,34.400001525878906,20,0
62,34.20000076293945,20,0
51,34.900001525878906,20,0
73,34.29999923706055,20,0
48,34,20,0
81,34,20,0
56,34.70000076293945,20,0
57,34.099998474121094,20,0
66,34.400001525878906,20,0
58,34.400001525878906,20,0
68,34.79999923706055,20,0
68,34.599998474121094,20,0
50,34.400001525878906,20,0
68,34,20,0
60,34.29999923706055,20,0
67,34.70000076293945,20,0
77,34.70000076293945,20,0
39,34.29999923706055,20,0
83,34.29999923706055,20,0
47,34.20000076293945,20,0
73,34.599998474121094,20,0
74,34.5,20,0
41,34.70000076293945,20,0
87,34.29999923706055,20,0
45,34.79999923706055,20,0
77,34.29999923706055,20,0
62,34.79999923706055,20,0
54,34.79999923706055,20,0
71,34.900001525878906,20,0
57,34.400001525878906,20,0
75,34,20,0
59,34.400001525878906,20,0
59,34,20,0
63,34.29999923706055,20,0
66,34.79999923706055,20,0
56,34.20000076293945,20,0
79,34.099998474121094,20,0
45,34.400001525878906,20,0
75,34.099998474121094,20,0
71,34.099998474121094,20,0
41,34.5,20,0
86,34.70000076293945,20,0
40,34.20000076293945,20,0
85,34.5,20,0
60,34.70000076293945,20,0
52,34.099998474121094,20,0
74,34.79999923706055,20,0
52,34.70000076293945,20,0
54,34.79999923706055,20,0
68,34.20000076293945,20,0
64,34.400001525878906,20,0
54,34.5,20,0
83,34.29999923706055,20,0
41,34.599998474121094,20,0
75,34.29999923706055,20,0
77,34.29999923706055,20,0
40,34.900001525878906,20,0
84,34.20000076293945,20,0
61,34.900001525878906,20,0
58,34.79999923706055,20,0
67,34.5,20,0
77,34.599998474121094,20,0
42,34.400001525878906,20,0
80,34.20000076293945,20,0
72,34.29999923706055,20,0
42,34.099998474121094,20,0
86,34.70000076293945,20,0
55,34.5,20,0
59,34,20,0
68,34.599998474121094,20,0
69,34.400001525878906,20,0
43,34.70000076293945,20,0
75,34.29999923706055,20,0
59,34.29999923706055,20,0
53,34.79999923706055,20,0
92,34.29999923706055,20,0
32,34.29999923706055,20,0
89,34.099998474121094,20,0
73,34.70000076293945,20,0
56,34.20000076293945,20,0
70,34.70000076293945,20,0
68,34.099998474121094,20,0
57,34.79999923706055,20,0
64,34.79999923706055,20,0
82,34.599998474121094,20,0
39,34.900001525878906,20,0
84,34,20,0
63,34.79999923706055,20,0
54,34.400001525878906,20,0
71,34.099998474121094,20,0
69,34.70000076293945,20,0
56,34.900001525878906,20,0
64,34,20,0
85,34,20,0
39,34.29999923706055,20,0
82,34.20000076293945,20,0
68,34,20,0
54,34.900001525878906,20,0
71,34.099998474121094,20,0
69,34.400001525878906,20,0
63,34.79999923706055,20,0
50,34.599998474121094,20,0
87,34.900001525878906,20,0
46,34.70000076293945,20,0
64,34.20000076293945,20,0
70,34.099998474121094,20,0
59,34.599998474121094,20,0
52,34.400001525878906,20,0
70,34.5,20,0
67,34.20000076293945,20,0
38,34.599998474121094,20,0
86,34.099998474121094,20,0
48,34,20,0
62,34,20,0
72,34,20,0
50,34.900001525878906,20,0
67,34.79999923706055,20,0
69,34.099998474121094,20,0
50,34.400001525878906,20,0
57,34.29999923706055,20,0
99,34.5,20,0
25,34.900001525878906,20,0
88,34.900001525878906,20,0
79,34.29999923706055,20,0
27,34.5,20,0
94,34.400001525878906,20,0
69,34.70000076293945,20,0
34,34.20000076293945,20,0
87,34.79999923706055,20,0
70,34,20,0
23,34.900001525878906,20,0
104,34.20000076293945,20,0
36,34.29999923706055,20,0
76,34.5,20,0
92,34.400001525878906,20,0
12,34.70000076293945,20,0
108,34.400001525878906,20,0
33,34.70000076293945,20,0
87,34.29999923706055,20,0
77,34.5,20,0
25,34.900001525878906,20,0
98,34.5,20,0
33,34.400001525878906,20,0
92,34.29999923706055,20,0
74,34.099998474121094,20,0
25,34,20,0
87,34.599998474121094,20,0
56,34.900001525878906,20,0
62,34.79999923706055,20,0
90,34.5,20,0
28,34.400001525878906,20,0
85,34.900001525878906,20,0
61,34.79999923706055,20,0
46,34.900001525878906,20,0
106,34.20000076293945,20,0
20,34,20,0
98,34.599998474121094,20,0
72,34.5,20,0
23,34.5,20,0
99,34.5,20,0
45,34.099998474121094,20,0
59,34.79999923706055,20,0
89,34.400001525878906,20,0
41,34.70000076293945,20,0
80,34.70000076293945,20,0
81,34.400001525878906,20,0
15,34.5,20,0
97,34.5,20,0
48,34,20,0
52,34.20000076293945,20,0
104,34.5,20,0
30,34.5,20,0
88,34.900001525878906,20,0
77,34.599998474121094,20,0
49,34.5,20,0
83,34.20000076293945,20,0
77,34.20000076293945,20,0
24,34,20,0
83,34.5,20,0
78,34.900001525878906,21,0
13,34.20000076293945,21,0
101,34.900001525878906,21,0
55,34.900001525878906,20,0
47,34,20,0
89,34,20,0
45,34.29999923706055,20,0
72,34.5,20,0
62,34.599998474121094,20,0
62,34.70000076293945,20,0
56,34.79999923706055,20,0
82,34.29999923706055,20,0
48,34,20,0
64,34.70000076293945,20,0
78,34.20000076293945,20,0
48,34.099998474121094,20,0
65,34.79999923706055,20,0
64,34.29999923706055,20,0
70,34.599998474121094,20,0
39,34.599998474121094,20,0
84,34.5,20,0
60,34.20000076293945,20,0
47,34.70000076293945,20,0
82,34.20000076293945,20,0
58,34.099998474121094,20,0
60,34.5,20,0
61,34,20,0
85,34.400001525878906,20,0
44,34.099998474121094,20,0
64,34.099998474121094,20,0
72,34.900001525878906,20,0
54,34.29999923706055,20,0
54,34.900001525878906,20,0
67,34.400001525878906,20,0
77,34.79999923706055,20,0
38,34.5,20,0
84,34.599998474121094,20,0
62,34.900001525878906,20,0
58,34.29999923706055,20,0
65,34.900001525878906,20,0
67,34.29999923706055,20,0
67,34,20,0
45,34.400001525878906,20,0
83,34,20,0
53,34.599998474121094,20,0
62,34.5,20,0
65,34.79999923706055,20,0
71,34.20000076293945,20,0
56,34.70000076293945,20,0
64,34.599998474121094,20,0
81,34.5,20,0
42,34.29999923706055,20,0
83,34.29999923706055,20,0
58,34.099998474121094,20,0
61,34.70000076293945,20,0
66,34.70000076293945,20,0
70,34.099998474121094,20,0
54,34.5,20,0
64,34.599998474121094,20,0
72,34.599998474121094,20,0
48,34.29999923706055,20,0
83,34,20,0
44,34.70000076293945,20,0
79,34,20,0
63,34.70000076293945,20,0
53,34.599998474121094,20,0
80,34.5,20,0
51,34.599998474121094,20,0
68,34.400001525878906,20,0
60,34.5,20,0
68,34.599998474121094,20,0
55,34.400001525878906,20,0
78,34.099998474121094,20,0
48,34.900001525878906,20,0
71,34,20,0
72,34,20,0
40,34.79999923706055,20,0
84,34,20,0
46,34,20,0
73,34.70000076293945,20,0
63,34.599998474121094,20,0
58,34.900001525878906,20,0
70,34.70000076293945,20,0
58,34.5,20,0
61,34,20,0
59,34.20000076293945,20,0
69,34.900001525878906,20,0
55,34.20000076293945,20,0
82,34.599998474121094,20,0
43,34.900001525878906,20,0
80,34.29999923706055,20,0
69,34.099998474121094,20,0
47,34.900001525878906,20,0
82,34.20000076293945,20,0
43,34.400001525878906,20,0
82,34.29999923706055,20,0
58,34.599998474121094,20,0
56,34.20000076293945,20,0
72,34.29999923706055,20,0
62,34.70000076293945,20,0
62,34.5,20,0
66,34.70000076293945,20,0
62,34.099998474121094,20,0
63,34.900001525878906,20,0
77,34.29999923706055,20,0
38,34.099998474121094,20,0
86,34.79999923706055,20,0
47,34.70000076293945,20,0
74,34.400001525878906,20,0
78,34.79999923706055,20,0
40,34.599998474121094,20,0
85,34.400001525878906,20,0
46,34.400001525878906,20,0
74,34.400001525878906,20,0
64,34.400001525878906,20,0
56,34.79999923706055,20,0
71,34.400001525878906,20,0
58,34.5,20,0
61,34.5,20,0
62,34.5,20,0
65,34,20,0
61,34.5,20,0
79,34.099998474121094,20,0
41,34.29999923706055,20,0
80,34.5,20,0
57,34.099998474121094,20,0
55,34.79999923706055,20,0
82,34.400001525878906,20,0
41,34.70000076293945,20,0
85,34,20,0
55,34.5,20,0
58,34,20,0
65,34.70000076293945,20,0
61,34,20,0
65,34.099998474121094,20,0
65,34.70000076293945,20,0
59,34.099998474121094,20,0
62,34.29999923706055,20,0
69,34.900001525878906,20,0
54,34.29999923706055,20,0
81,34,20,0
43,34.099998474121094,20,0
78,34.599998474121094,20,0
61,34.79999923706055,20,0
58,34.900001525878906,20,0
81,34,20,0
38,34.20000076293945,20,0
86,34.70000076293945,20,0
47,34.5,20,0
73,34.70000076293945,20,0
66,34.20000076293945,20,0
50,34.900001525878906,20,0
81,34.20000076293945,20,0
50,34.79999923706055,20,0
70,34,20,0
61,34,20,0
62,34.099998474121094,20,0
64,34.599998474121094,20,0
72,34.79999923706055,20,0
45,34.400001525878906,20,0
70,34.79999923706055,20,0
61,34.5,20,0
61,34,20,0
78,34.099998474121094,20,0
39,34.79999923706055,20,0
84,34.400001525878906,20,0
46,34.900001525878906,20,0
83,34.5,20,0
58,34,20,0
60,34.599998474121094,20,0
79,34.70000076293945,20,0
38,34.5,20,0
84,34,20,0
40,34.29999923706055,20,0
85,34,20,0
48,34.29999923706055,20,0
79,34.79999923706055,20,0
65,34.5,20,0
56,34.900001525878906,20,0
79,34.70000076293945,20,0
38,34.5,20,0
85,34.5,20,0
41,34.099998474121094,20,0
85,34.400001525878906,20,0
51,34.599998474121094,20,0
65,34.400001525878906,20,0
77,34.400001525878906,20,0
39,34,20,0
87,34.70000076293945,20,0
41,34.20000076293945,20,0
88,34.400001525878906,20,0
59,34.400001525878906,20,0
63,34,20,0
71,34.79999923706055,20,0
46,34.70000076293945,20,0
79,34.20000076293945,20,0
43,34.5,20,0
80,34,20,0
49,34.70000076293945,20,0
80,34.599998474121094,20,0
59,34.900001525878906,20,0
56,34.29999923706055,20,0
72,34.79999923706055,20,0
42,34.400001525878906,20,0
87,34.599998474121094,20,0
42,34.599998474121094,20,0
88,34.79999923706055,20,0
48,34.099998474121094,20,0
80,34.900001525878906,20,0
57,34,20,0
66,34.900001525878906,20,0
68,34.400001525878906,20,0
47,34.400001525878906,20,0
82,34.29999923706055,20,0
38,34.20000076293945,20,0
85,34.400001525878906,20,0
39,34.5,20,0
83,34,20,0
46,34.099998474121094,20,0
80,34.29999923706055,20,0
60,34.599998474121094,20,0
66,34.29999923706055,20,0
75,34.5,20,0
49,34.900001525878906,20,0
83,34.70000076293945,20,0
34,34.79999923706055,20,0
84,34.20000076293945,20,0
40,34.5,20,0
78,34,20,0
53,34.70000076293945,20,0
71,34.400001525878906,20,0
62,34.20000076293945,20,0
67,34.79999923706055,20,0
72,34.5,20,0
53,34.400001525878906,20,0
75,34.79999923706055,20,0
43,34.5,20,0
71,34.29999923706055,20,0
54,34.400001525878906,20,0
64,34.70000076293945,20,0
61,34,20,0
66,34.900001525878906,20,0
68,34.70000076293945,20,0
60,34,20,0
73,34.20000076293945,20,0
47,34.900001525878906,20,0
69,34.29999923706055,20,0
57,34.599998474121094,20,0
65,34,20,0
65,34.79999923706055,20,0
63,34.599998474121094,20,0
73,34.400001525878906,20,0
48,34.900001525878906,20,0
77,34.79999923706055,20,0
51,34.900001525878906,20,0
67,34.79999923706055,20,0
60,34.70000076293945,20,0
66,34.099998474121094,20,0
67,34.79999923706055,20,0
59,34.5,20,0
68,34.5,20,0
51,34.599998474121094,20,0
68,34.900001525878906,20,0
53,34.599998474121094,21,0
73,34.70000076293945,21,0
61,34.5,20,0
66,34.599998474121094,20,0
69,34,20,0
57,34.79999923706055,20,0
73,34.099998474121094,20,0
45,34.400001525878906,20,0
76,34.29999923706055,20,0
54,34.099998474121094,20,0
66,34.29999923706055,20,0
67,34,20,0
59,34.20000076293945,20,0
77,34.79999923706055,20,0
40,34.79999923706055,20,0
80,34.599998474121094,20,0
48,34.099998474121094,20,0
72,34.900001525878906,20,0
67,34,20,0
49,34.20000076293945,20,0
83,34.5,20,0
39,34.599998474121094,20,0
84,34.20000076293945,20,0
48,34.900001525878906,20,0
76,34.29999923706055,20,0
66,34.79999923706055,20,0
44,34.599998474121094,20,0
83,34.400001525878906,20,0
40,34.400001525878906,20,0
88,34,20,0
48,34.29999923706055,20,0
75,34,20,0
66,34.5,20,0
47,34.400001525878906,20,0
82,34.70000076293945,20,0
41,34.79999923706055,20,0
91,34.70000076293945,20,0
47,34.29999923706055,20,0
76,34.5,20,0
58,34.5,20,0
54,34.5,20,0
72,34.5,20,0
50,34.5,20,0
81,34,20,0
48,34.20000076293945,20,0
78,34.5,20,0
57,34,20,0
55,34.099998474121094,20,0
69,34.599998474121094,20,0
54,34.900001525878906,20,0
72,34.29999923706055,20,0
73,34,20,0
60,34.79999923706055,20,0
64,34.5,20,0
60,34.29999923706055,20,0
69,34.099998474121094,20,0
66,34.5,20,0
56,34.29999923706055,20,0
75,34.099998474121094,20,0
45,34.29999923706055,20,0
72,34.400001525878906,20,0
57,34.599998474121094,20,0
61,34.29999923706055,20,0
78,34.70000076293945,20,0
37,34.599998474121094,20,0
84,34.29999923706055,20,0
35,34.29999923706055,20,0
80,34.400001525878906,20,0
61,34.79999923706055,21,0
47,34.400001525878906,21,0
90,34.5,21,0
24,34.20000076293945,21,0
95,34.29999923706055,21,0
33,34.29999923706055,21,0
94,34.79999923706055,21,0
56,34.79999923706055,21,0
64,34.099998474121094,21,0
75,34.599998474121094,21,0
24,34.70000076293945,20,0
94,34.79999923706055,20,0
26,34.900001525878906,21,0
80,34.20000076293945,21,0
22,34.900001525878906,21,0
75,34.900001525878906,21,0
55,34.900001525878906,22,0
66,34.400001525878906,22,0
68,34.400001525878906,22,0
46,34.5,22,0
76,34.70000076293945,23,0
36,34.79999923706055,23,0
81,34.599998474121094,22,0
35,34.79999923706055,22,0
81,34.70000076293945,24,0
40,34.900001525878906,27,0
79,34.29999923706055,28,0
53,34.400001525878906,31,0
64,34.20000076293945,33,0
69,34.5,30,0
49,34,27,0
73,34.79999923706055,25,0
50,34.5,24,0
72,34.400001525878906,23,0
55,34.099998474121094,23,0
64,34.70000076293945,23,0
67,34.099998474121094,23,0
49,34.70000076293945,23,0
73,34.599998474121094,23,0
48,34,23,0
73,34,22,0
51,34.79999923706055,22,0
71,34.29999923706055,22,0
60,34.20000076293945,22,0
56,34.099998474121094,22,0
72,34.400001525878906,23,0
48,34.20000076293945,22,0
75,34.20000076293945,22,0
52,34.20000076293945,22,0
68,34.099998474121094,22,0
61,34.099998474121094,22,0
58,34.5,22,0
68,34.70000076293945,22,0
56,34.29999923706055,22,0
65,34.5,22,0
59,34.599998474121094,22,0
62,34.79999923706055,22,0
61,34.5,22,0
69,34.79999923706055,22,0
50,34.70000076293945,22,0
70,34.20000076293945,22,0
57,34.29999923706055,22,0
61,34.29999923706055,22,0
71,34.29999923706055,22,0
48,34.5,22,0
77,34.79999923706055,22,0
51,34.599998474121094,22,0
67,34.400001525878906,22,0
60,34.900001525878906,22,0
59,34.900001525878906,22,0
69,34.20000076293945,22,0
56,34.20000076293945,22,0
65,34.5,21,0
58,34,21,0
64,34.900001525878906,21,0
60,34.5,21,0
67,34.20000076293945,21,0
52,34.5,21,0
68,34.29999923706055,22,0
58,34.29999923706055,22,0
62,34.79999923706055,22,0
70,34.29999923706055,22,0
48,34.599998474121094,21,0
74,34,21,0
50,34,21,0
69,34.70000076293945,21,0
60,34.599998474121094,21,0
56,34.400001525878906,22,0
70,34.70000076293945,21,0
51,34.79999923706055,21,0
72,34,21,0
54,34.70000076293945,21,0
63,34.599998474121094,21,0
59,34.20000076293945,21,0
61,34.400001525878906,21,0
64,34.79999923706055,21,0
60,34.5,21,0
66,34.400001525878906,21,0
58,34.099998474121094,21,0
61,34.20000076293945,21,0
59,34.5,21,0
63,34.400001525878906,21,0
60,34.79999923706055,21,0
65,34.29999923706055,21,0
58,34.29999923706055,21,0
65,34.599998474121094,21,0
58,34.099998474121094,21,0
59,34.400001525878906,21,0
64,34.29999923706055,21,0
61,34.20000076293945,21,0
66,34.79999923706055,21,0
55,34.29999923706055,21,0
68,34.70000076293945,21,0
51,34.70000076293945,21,0
67,34.900001525878906,21,0
60,34.5,21,0
61,34.79999923706055,21,0
67,34.900001525878906,21,0
54,34.400001525878906,21,0
72,34.20000076293945,21,0
49,34.79999923706055,21,0
71,34.599998474121094,21,0
53,34.900001525878906,21,0
66,34.79999923706055,21,0
66,34.400001525878906,21,0
50,34.20000076293945,21,0
73,34.400001525878906,21,0
48,34.400001525878906,21,0
76,34.29999923706055,21,0
52,34.20000076293945,21,0
69,34.79999923706055,21,0
59,34.900001525878906,21,0
53,34.79999923706055,21,0
71,34.900001525878906,21,0
49,34.400001525878906,21,0
76,34.70000076293945,21,0
51,34.099998474121094,21,0
72,34.900001525878906,21,0
56,34.900001525878906,21,0
59,34.400001525878906,21,0
65,34.70000076293945,21,0
53,34.400001525878906,21,0
75,34.099998474121094,21,0
51,34.5,21,0
70,34.900001525878906,21,0
56,34.599998474121094,21,0
62,34,21,0
61,34.099998474121094,21,0
59,34.400001525878906,21,0
69,34.70000076293945,21,0
53,34.79999923706055,21,0
75,34.400001525878906,21,0
51,34.70000076293945,21,0
74,34.900001525878906,21,0
53,34.099998474121094,21,0
68,34.5,21,0
57,34.099998474121094,21,0
60,34.70000076293945,21,0
65,34.400001525878906,21,0
52,34.79999923706055,21,0
72,34.900001525878906,21,0
48,34,21,0
73,34.70000076293945,21,0
49,34.70000076293945,21,0
71,34.29999923706055,21,0
53,34.29999923706055,21,0
67,34.900001525878906,21,0
64,34.099998474121094,21,0
57,34.099998474121094,21,0
77,34.099998474121094,21,0
50,34.900001525878906,21,0
75,34.5,21,0
49,34.099998474121094,21,0
72,34.099998474121094,21,0
51,34.5,21,0
65,34.900001525878906,21,0
62,34.900001525878906,21,0
55,34.400001525878906,21,0
72,34.29999923706055,21,0
51,34.20000076293945,21,0
75,34.099998474121094,21,0
50,34.599998474121094,21,0
71,34.5,21,0
53,34.099998474121094,21,0
62,34,21,0
65,34.70000076293945,21,0
53,34.29999923706055,21,0
50,34.29999923706055,21,0
73,34.79999923706055,21,0
75,34.29999923706055,21,0
50,34.400001525878906,21,0
66,34.400001525878906,21,0
65,34.29999923706055,21,0
55,34.20000076293945,21,0
71,34.900001525878906,21,0
50,34.20000076293945,21,0
69,34.70000076293945,21,0
61,34.29999923706055,21,0
64,34.70000076293945,21,0
60,34.20000076293945,21,0
65,34.900001525878906,21,0
58,34.29999923706055,21,0
65,34.099998474121094,21,0
61,34.5,21,0
56,34.400001525878906,21,0
75,34.79999923706055,21,0
49,34,21,0
73,34.099998474121094,21,0
59,34.099998474121094,21,0
61,34.900001525878906,21,0
68,34.400001525878906,21,0
56,34.70000076293945,21,0
66,34.20000076293945,21,0
59,34.29999923706055,21,0
63,34.70000076293945,21,0
53,34.5,21,0
75,34.400001525878906,21,0
51,34.29999923706055,21,0
63,34.20000076293945,21,0
69,34.20000076293945,21,0
53,34.400001525878906,21,0
66,34.70000076293945,21,0
59,34.79999923706055,21,0
68,34,21,0
51,34,21,0
72,34,21,0
62,34.5,21,0
59,34.400001525878906,21,0
65,34.400001525878906,21,0
64,34.400001525878906,21,0
64,34.29999923706055,21,0
51,34,21,0
73,34.599998474121094,21,0
59,34.900001525878906,21,0
62,34.29999923706055,21,0
59,34.79999923706055,21,0
74,34,21,0
57,34.099998474121094,21,0
55,34.400001525878906,21,0
75,34.400001525878906,21,0
52,34.400001525878906,21,0
64,34.79999923706055,21,0
59,34.5,21,0
73,34.599998474121094,21,0
53,34.79999923706055,21,0
64,34.099998474121094,21,0
71,34.79999923706055,21,0
55,34.20000076293945,21,0
64,34.400001525878906,21,0
57,34.400001525878906,21,0
76,34.599998474121094,21,0
51,34.79999923706055,21,0
62,34.20000076293945,21,0
60,34.79999923706055,21,0
71,34.900001525878906,21,0
60,34.79999923706055,21,0
51,34,21,0
73,34.099998474121094,21,0
62,34.900001525878906,21,0
62,34,21,0
52,34,21,0
71,34.20000076293945,21,0
65,34.20000076293945,21,0
54,34.29999923706055,21,0
62,34,21,0
57,34.599998474121094,21,0
76,34.70000076293945,21,0
54,34.099998474121094,21,0
63,34.5,21,0
56,34.5,21,0
72,34.5,21,0
64,34.79999923706055,21,0
53,34.900001525878906,21,0
64,34.900001525878906,21,0
58,34.400001525878906,21,0
76,34.29999923706055,21,0
49,34.79999923706055,21,0
64,34.79999923706055,21,0
59,34.099998474121094,21,0
73,34.70000076293945,21,0
56,34.29999923706055,21,0
54,34.599998474121094,21,0
69,34.5,21,0
62,34,21,0
66,34.79999923706055,21,0
51,34.099998474121094,21,0
69,34.400001525878906,21,0
65,34.29999923706055,21,0
64,34.29999923706055,21,0
55,34.20000076293945,21,0
60,34.599998474121094,21,0
74,34.29999923706055,21,0
59,34.5,21,0
59,34.400001525878906,21,0
54,34.70000076293945,21,0
73,34.5,21,0
68,34.79999923706055,21,0
53,34.900001525878906,23,0
55,34,22,0
65,34.599998474121094,21,0
78,34.29999923706055,21,0
42,34.099998474121094,22,0
59,34,22,0
71,34.400001525878906,25,0
81,34.099998474121094,24,0
39,34.900001525878906,24,0
59,34.400001525878906,24,0
74,34.79999923706055,23,0
64,34.29999923706055,23,0
52,34.400001525878906,22,0
56,34.20000076293945,22,0
74,34.400001525878906,22,0
55,34.099998474121094,22,0
59,34.900001525878906,22,0
63,34.29999923706055,22,0
71,34.099998474121094,22,0
56,34,22,0
57,34.900001525878906,22,0
75,34.5,22,0
51,34.599998474121094,22,0
62,34.599998474121094,22,0
62,34.70000076293945,22,0
69,34.099998474121094,21,0
54,34.20000076293945,21,0
65,34.29999923706055,21,0
72,34.20000076293945,21,0
51,34.70000076293945,21,0
66,34.599998474121094,21,0
65,34.599998474121094,21,0
60,34.5,21,0
54,34.20000076293945,21,0
71,34.70000076293945,21,0
56,34.099998474121094,21,0
59,34.400001525878906,21,0
70,34.20000076293945,21,0
55,34.5,21,0
64,34.29999923706055,21,0
61,34,21,0
64,34.900001525878906,21,0
55,34.900001525878906,21,0
70,34.70000076293945,21,0
55,34.20000076293945,21,0
58,34.400001525878906,21,0
70,34.099998474121094,21,0
51,34.29999923706055,21,0
66,34.099998474121094,21,0
64,34.400001525878906,21,0
60,34.29999923706055,21,0
59,34.099998474121094,21,0
70,34.400001525878906,21,0
55,34.29999923706055,21,0
63,34.20000076293945,21,0
66,34.70000076293945,21,0
53,34.099998474121094,21,0
72,34.400001525878906,21,0
51,34.099998474121094,21,0
66,34.400001525878906,21,0
65,34.29999923706055,21,0
58,34.099998474121094,21,0
64,34.400001525878906,21,0
69,34.20000076293945,21,0
53,34.099998474121094,24,0
61,34.20000076293945,25,0
66,34.400001525878906,23,0
54,34,22,0
73,34.20000076293945,22,0
52,34.400001525878906,22,0
65,34.29999923706055,21,0
68,34.20000076293945,21,0
54,34.099998474121094,21,0
71,34.70000076293945,21,0
56,34.20000076293945,21,0
65,34.20000076293945,21,0
62,34,21,0
60,34.099998474121094,21,0
60,34.70000076293945,21,0
70,34,21,0
59,34.900001525878906,21,0
61,34.79999923706055,21,0
66,34.099998474121094,21,0
54,34.5,21,0
74,34.20000076293945,21,0
52,34.400001525878906,21,0
69,34.400001525878906,21,0
61,34.400001525878906,21,0
58,34.400001525878906,21,0
70,34.29999923706055,21,0
52,34.70000076293945,21,0
67,34.5,21,0
63,34.20000076293945,21,0
62,34.400001525878906,21,0
61,34.5,21,0
65,34.400001525878906,21,0
56,34.70000076293945,21,0
69,34.599998474121094,21,0
57,34.900001525878906,21,0
58,34,21,0
74,34.5,21,0
51,34.400001525878906,21,0
71,34.900001525878906,21,0
60,34.099998474121094,21,0
60,34.099998474121094,21,0
65,34.79999923706055,21,0
58,34.599998474121094,21,0
62,34.20000076293945,21,0
62,34.70000076293945,21,0
60,34.400001525878906,21,0
57,34.29999923706055,21,0
74,34.79999923706055,21,0
52,34.599998474121094,21,0
70,34.900001525878906,21,0
58,34.099998474121094,21,0
58,34,21,0
72,34.5,21,0
51,34.5,21,0
72,34,21,0
53,34.599998474121094,21,0
67,34.5,21,0
64,34,21,0
59,34.599998474121094,21,0
65,34.400001525878906,21,0
53,34.29999923706055,21,0
68,34.70000076293945,21,0
60,34.599998474121094,21,0
64,34.20000076293945,21,0
62,34.20000076293945,21,0
60,34.900001525878906,21,0
63,34.599998474121094,21,0
58,34.79999923706055,21,0
65,34.900001525878906,21,0
58,34.5,21,0
67,34.900001525878906,21,0
61,34.5,21,0
65,34.400001525878906,21,0
62,34.70000076293945,21,0
61,34.400001525878906,21,0
65,34.20000076293945,21,0
57,34.5,21,0
67,34.099998474121094,21,0
54,34.79999923706055,21,0
68,34.099998474121094,21,0
59,34.79999923706055,21,0
66,34.29999923706055,21,0
62,34.20000076293945,21,0
62,34.29999923706055,21,0
64,34.20000076293945,21,0
58,34.29999923706055,21,0
68,34.099998474121094,21,0
51,34.599998474121094,21,0
73,34.599998474121094,21,0
50,34.5,21,0
71,34.900001525878906,21,0
55,34.29999923706055,21,0
67,34.79999923706055,21,0
62,34.70000076293945,21,0
61,34.20000076293945,21,0
69,34.400001525878906,21,0
52,34.900001525878906,21,0
73,34.099998474121094,21,0
48,34.099998474121094,21,0
70,34.599998474121094,21,0
63,34.900001525878906,21,0
60,34.900001525878906,21,0
67,34,21,0
54,34.099998474121094,21,0
70,34.79999923706055,21,0
51,34.79999923706055,21,0
68,34.599998474121094,21,0
61,34.70000076293945,21,0
63,34.70000076293945,21,0
66,34.20000076293945,21,0
59,34.20000076293945,21,0
67,34.20000076293945,21,0
56,34.400001525878906,21,0
70,34.79999923706055,21,0
53,34.599998474121094,21,0
71,34,21,0
52,34.29999923706055,21,0
69,34.29999923706055,21,0
58,34.5,21,0
65,34.20000076293945,21,0
65,34.5,21,0
59,34.5,21,0
70,34,21,0
54,34,21,0
72,34.900001525878906,21,0
53,34.70000076293945,21,0
72,34.20000076293945,21,0
52,34.5,21,0
70,34.099998474121094,21,0
54,34.70000076293945,21,0
67,34.400001525878906,21,0
58,34.5,21,0
63,34,21,0
63,34.20000076293945,21,0
60,34.599998474121094,21,0
68,34.599998474121094,21,0
58,34.599998474121094,21,0
70,34.599998474121094,21,0
57,34.5,21,0
67,34.29999923706055,21,0
59,34,21,0
63,34.900001525878906,21,0
59,34.099998474121094,21,0
63,34.599998474121094,21,0
58,34.79999923706055,21,0
66,34.20000076293945,21,0
57,34.20000076293945,21,0
66,34,21,0
58,34,21,0
68,34.900001525878906,21,0
59,34.70000076293945,21,0
66,34,21,0
62,34.70000076293945,21,0
64,34.20000076293945,21,0
64,34,21,0
61,34.79999923706055,21,0
68,34.20000076293945,21,0
55,34.5,21,0
71,34.400001525878906,21,0
52,34,21,0
70,34.599998474121094,21,0
52,34.29999923706055,21,0
71,34.29999923706055,21,0
53,34.900001525878906,21,0
69,34.20000076293945,21,0
60,34.099998474121094,21,0
60,34.599998474121094,21,0
70,34,21,0
54,34.20000076293945,21,0
71,34.400001525878906,21,0
51,34.5,21,0
71,34.099998474121094,21,0
58,34.400001525878906,21,0
64,34.400001525878906,21,0
69,34.70000076293945,21,0
54,34.5,21,0
72,34.900001525878906,21,0
51,34.599998474121094,21,0
71,34,21,0
57,34.20000076293945,21,0
66,34.599998474121094,21,0
65,34.900001525878906,21,0
58,34.599998474121094,21,0
70,34.099998474121094,21,0
51,34.900001525878906,21,0
71,34.70000076293945,21,0
57,34.20000076293945,21,0
66,34.400001525878906,21,0
64,34.400001525878906,21,0
59,34.400001525878906,21,0
66,34.400001525878906,21,0
54,34.5,21,0
70,34.5,21,0
55,34.900001525878906,21,0
68,34.29999923706055,21,0
62,34,21,0
62,34.900001525878906,20,0
64,34.900001525878906,20,0
58,34.20000076293945,21,0
67,34,21,0
53,34.29999923706055,21,0
70,34.29999923706055,21,0
55,34.400001525878906,21,0
68,34.099998474121094,21,0
61,34.599998474121094,21,0
64,34.900001525878906,21,0
65,34.29999923706055,21,0
59,34.099998474121094,20,0
67,34.099998474121094,20,0
54,34,20,0
71,34.5,20,0
55,34.70000076293945,20,0
66,34.599998474121094,20,0
64,34.599998474121094,20,0
61,34.900001525878906,21,0
65,34,21,0
56,34.29999923706055,21,0
68,34.400001525878906,21,0
55,34,21,0
68,34.400001525878906,21,0
63,34.400001525878906,21,0
61,34.599998474121094,21,0
63,34,21,0
58,34.900001525878906,21,0
65,34.70000076293945,21,0
62,34.400001525878906,20,0
63,34,20,0
66,34.5,20,0
60,34.29999923706055,20,0
64,34.29999923706055,20,0
58,34.29999923706055,20,0
65,34.70000076293945,20,0
62,34.599998474121094,21,0
61,34.20000076293945,20,0
68,34.099998474121094,20,0
59,34.20000076293945,20,0
64,34.5,20,0
59,34.900001525878906,20,0
65,34.20000076293945,20,0
59,34.70000076293945,20,0
61,34.099998474121094,20,0
69,34.5,20,0
56,34.29999923706055,20,0
67,34.20000076293945,20,0
56,34.5,20,0
65,34.5,20,0
65,34.70000076293945,20,0
58,34,20,0
71,34.29999923706055,20,0
53,34.599998474121094,20,0
70,34,20,0
55,34,20,0
63,34.099998474121094,20,0
69,34.70000076293945,20,0
55,34.79999923706055,20,0
71,34.5,20,0
51,34.599998474121094,20,0
72,34.29999923706055,20,0
57,34.20000076293945,20,0
65,34.099998474121094,20,0
67,34.900001525878906,20,0
54,34.400001525878906,20,0
72,34.79999923706055,21,0
53,34.099998474121094,21,0
68,34.29999923706055,21,0
63,34.599998474121094,21,0
60,34.400001525878906,21,0
66,34.5,20,0
58,34.20000076293945,20,0
66,34.099998474121094,20,0
64,34.5,20,0
59,34.20000076293945,20,0
65,34.5,20,0
66,34.599998474121094,20,0
56,34.099998474121094,20,0
70,34,20,0
53,34,20,0
62,34.900001525878906,20,0
69,34.900001525878906,20,0
51,34.900001525878906,20,0
67,34.900001525878906,20,0
63,34.900001525878906,20,0
58,34.900001525878906,20,0
59,34.400001525878906,20,0
69,34.29999923706055,20,0
53,34.5,20,0
64,34.599998474121094,20,0
68,34.400001525878906,20,0
51,34,20,0
68,34.099998474121094,20,0
64,34.900001525878906,20,0
58,34.5,20,0
61,34.20000076293945,20,0
69,34.599998474121094,20,0
54,34.900001525878906,20,0
63,34.29999923706055,20,0
70,34.099998474121094,20,0
51,34.599998474121094,20,0
68,34.400001525878906,20,0
65,34.29999923706055,20,0
57,34.099998474121094,20,0
62,34.400001525878906,20,0
70,34,20,0
56,34.900001525878906,20,0
66,34.400001525878906,20,0
70,34.099998474121094,20,0
53,34.400001525878906,20,0
71,34.5,20,0
59,34.099998474121094,20,0
61,34.900001525878906,20,0
66,34.70000076293945,20,0
65,34,20,0
58,34.099998474121094,20,0
65,34.900001525878906,20,0
69,34.29999923706055,20,0
53,34.79999923706055,20,0
72,34.900001525878906,20,0
64,34.099998474121094,20,0
59,34.099998474121094,20,0
64,34.599998474121094,20,0
69,34.5,20,0
56,34.20000076293945,20,0
59,34.70000076293945,20,0
71,34.20000076293945,20,0
53,34,20,0
62,34.599998474121094,20,0
65,34.400001525878906,20,0
64,34.29999923706055,20,0
56,34.900001525878906,20,0
67,34.099998474121094,20,0
66,34.900001525878906,20,0
53,34.20000076293945,20,0
72,34.400001525878906,20,0
62,34.70000076293945,20,0
59,34.400001525878906,20,0
64,34.400001525878906,20,0
70,34.5,20,0
54,34.5,20,0
63,34,20,0
72,34.70000076293945,20,0
51,34,20,0
64,34.29999923706055,20,0
65,34.70000076293945,20,0
67,34.79999923706055,20,0
54,34.20000076293945,20,0
69,34.79999923706055,20,0
68,34.599998474121094,20,0
52,34.70000076293945,20,0
67,34.400001525878906,20,0
64,34.900001525878906,20,0
59,34.70000076293945,20,0
57,34.400001525878906,20,0
71,34.20000076293945,20,0
57,34.70000076293945,20,0
61,34.400001525878906,20,0
69,34.400001525878906,20,0
58,34.599998474121094,20,0
61,34.400001525878906,20,0
64,34.29999923706055,20,0
69,34.900001525878906,20,0
54,34.099998474121094,20,0
69,34.29999923706055,20,0
66,34.29999923706055,20,0
56,34.5,20,0
66,34.099998474121094,20,0
65,34.79999923706055,20,0
59,34.400001525878906,20,0
59,34.5,20,0
71,34.599998474121094,20,0
53,34.20000076293945,20,0
63,34.400001525878906,20,0
66,34.70000076293945,20,0
56,34.900001525878906,20,0
63,34.79999923706055,20,0
64,34.599998474121094,20,0
60,34.400001525878906,20,0
57,34,20,0
71,34.5,20,0
55,34,20,0
61,34.099998474121094,20,0
67,34.29999923706055,20,0
59,34.599998474121094,20,0
61,34.400001525878906,20,0
64,34.900001525878906,20,0
68,34.599998474121094,20,0
54,34.29999923706055,20,0
71,34.20000076293945,20,0
64,34.400001525878906,20,0
58,34.599998474121094,20,0
68,34.599998474121094,20,0
64,34.599998474121094,20,0
60,34.29999923706055,20,0
64,34,20,0
68,34.79999923706055,20,0
53,34.20000076293945,20,0
70,34.099998474121094,20,0
60,34.099998474121094,20,0
57,34.400001525878906,20,0
71,34.29999923706055,20,0
59,34.400001525878906,20,0
60,34.20000076293945,20,0
65,34.900001525878906,20,0
72,34.5,20,0
51,34.79999923706055,21,0
67,34.599998474121094,21,0
70,34.5,20,0
51,34.70000076293945,20,0
60,34.5,20,0
65,34,20,0
66,34.20000076293945,20,0
54,34.5,20,0
71,34.900001525878906,21,0
64,34.5,20,0
58,34.099998474121094,20,0
66,34.900001525878906,20,0
67,34.29999923706055,20,0
59,34.099998474121094,21,0
60,34.900001525878906,20,0
72,34.5,20,0
51,34.599998474121094,20,0
66,34.20000076293945,20,0
70,34.5,20,0
54,34.099998474121094,20,0
64,34.400001525878906,20,0
70,34.099998474121094,20,0
55,34.79999923706055,20,0
61,34.900001525878906,21,0
75,34.400001525878906,21,0
49,34.900001525878906,21,0
69,34.400001525878906,21,0
69,34.79999923706055,21,0
53,34.5,21,0
70,34.5,21,0
62,34.29999923706055,21,0
62,34.70000076293945,21,0
67,34.5,21,0
65,34.70000076293945,21,0
56,34.099998474121094,21,0
65,34.29999923706055,21,0
62,34.900001525878906,21,0
62,34.79999923706055,21,0
61,34.70000076293945,21,0
62,34,21,0
63,34.70000076293945,21,0
62,34.5,20,0
62,34.70000076293945,20,0
63,34,20,0
62,34.5,20,0
63,34.599998474121094,20,0
62,34.900001525878906,20,0
62,34.5,20,0
62,34.400001525878906,20,0
63,34.099998474121094,20,0
64,34.900001525878906,20,0
67,34.5,20,0
57,34.29999923706055,20,0
63,34.599998474121094,20,0
63,34.099998474121094,20,0
63,34.79999923706055,20,0
64,34.29999923706055,20,0
63,34.599998474121094,20,0
63,34.900001525878906,20,0
64,34.29999923706055,20,0
64,34.599998474121094,20,0
64,34.5,20,0
64,34.79999923706055,20,0
64,34.599998474121094,20,0
64,34.29999923706055,20,0
64,34.099998474121094,20,0
64,34.29999923706055,20,0
64,34.599998474121094,20,0
64,34.70000076293945,20,0
64,34.900001525878906,20,0
64,34.099998474121094,20,0
64,34.099998474121094,20,0
64,34.400001525878906,20,0
64,34,20,0
64,34.79999923706055,20,0
64,34.599998474121094,20,0
64,34.29999923706055,20,0
64,34.099998474121094,20,0
64,34.400001525878906,20,0
64,34.29999923706055,20,0
64,34.70000076293945,20,0
64,34,20,0
64,34.20000076293945,20,0
64,34.400001525878906,20,0
64,34.70000076293945,20,0
64,34,20,0
64,34,20,0
64,34.5,20,0
64,34.900001525878906,20,0
64,34.20000076293945,20,0
64,34.29999923706055,20,0
64,34.900001525878906,20,0
64,34.70000076293945,20,0
64,34.20000076293945,20,0
64,34.900001525878906,20,0
65,34.400001525878906,20,0
64,34.20000076293945,20,0
64,34.099998474121094,20,0
64,34.70000076293945,20,0
64,34,20,0
64,34,20,0
64,34.599998474121094,20,0
64,34.29999923706055,20,0
64,34.599998474121094,20,0
64,34.70000076293945,20,0
64,34.900001525878906,20,0
64,34.20000076293945,20,0
64,34.29999923706055,20,0
64,34,20,0
64,34.099998474121094,20,0
64,34.29999923706055,20,0
64,34.70000076293945,20,0
64,34.099998474121094,20,0
65,34.900001525878906,20,0
64,34.900001525878906,20,0
64,34.70000076293945,20,0
64,34.5,20,0
65,34,20,0
65,34.79999923706055,20,0
65,34,20,0
65,34.5,20,0
64,34.79999923706055,20,0
64,34.5,20,0
64,34.29999923706055,20,0
64,34.29999923706055,20,0
65,34.099998474121094,20,0
64,34.599998474121094,20,0
64,34.099998474121094,20,0
64,34.099998474121094,20,0
65,34.099998474121094,20,0
64,34.099998474121094,20,0
65,34.79999923706055,20,0
65,34.5,20,0
65,34.400001525878906,20,0
65,34.79999923706055,20,0
64,34.20000076293945,20,0
65,34.79999923706055,20,0
64,34.400001525878906,20,0
65,34.20000076293945,20,0
64,34.79999923706055,20,0
64,34.5,20,0
64,34.900001525878906,20,0
65,34.5,20,0
64,34.29999923706055,20,0
65,34.29999923706055,20,0
65,34.400001525878906,20,0
65,34,20,0
65,34.400001525878906,20,0
65,34.099998474121094,20,0
65,34.900001525878906,20,0
65,34.79999923706055,20,0
65,34.5,20,0
64,34.20000076293945,20,0
65,34.79999923706055,20,0
65,34.5,20,0
65,34.70000076293945,20,0
65,34.599998474121094,20,0
65,34.900001525878906,20,0
64,34.70000076293945,20,0
65,34.5,20,0
65,34.599998474121094,20,0
65,34.900001525878906,20,0
65,34.20000076293945,20,0
64,34.900001525878906,20,0
65,34.099998474121094,20,0
65,34.79999923706055,20,0
65,34.099998474121094,20,0
65,34.900001525878906,20,0
64,34.5,20,0
65,34.79999923706055,20,0
64,34.099998474121094,20,0
65,34.20000076293945,20,0
65,34.599998474121094,20,0
64,34.900001525878906,20,0
64,34.79999923706055,20,0
65,34.099998474121094,20,0
65,34.400001525878906,20,0
65,34.79999923706055,20,0
65,34.5,20,0
65,34.900001525878906,20,0
66,34.70000076293945,20,0
65,34.29999923706055,20,0
65,34.900001525878906,20,0
65,34.099998474121094,20,0
65,34.29999923706055,20,0
65,34.599998474121094,20,0
65,34.79999923706055,20,0
65,34.29999923706055,20,0
65,34.599998474121094,20,0
65,34.29999923706055,20,0
65,34,20,0
65,34.70000076293945,20,0
65,34,20,0
65,34.099998474121094,20,0
65,34.5,20,0
65,34.70000076293945,20,0
65,34.29999923706055,20,0
65,34.20000076293945,20,0
65,34.79999923706055,20,0
65,34,20,0
65,34.599998474121094,20,0
65,34.599998474121094,20,0
65,34.79999923706055,20,0
65,34,20,0
65,34.5,20,0
65,34.400001525878906,20,0
65,34.79999923706055,20,0
65,34.5,20,0
65,34,20,0
65,34,20,0
65,34.900001525878906,20,0
65,34.70000076293945,20,0
56,34.099998474121094,20,0
51,34,20,0
52,34.20000076293945,21,0
52,34.099998474121094,20,0
52,34,20,0
52,34.29999923706055,20,0
52,34.20000076293945,20,0
52,34.70000076293945,20,0
53,34.79999923706055,20,0
52,34.400001525878906,20,0
52,34.70000076293945,20,0
52,34.29999923706055,20,0
52,34.29999923706055,20,0
52,34.400001525878906,20,0
53,34.099998474121094,20,0
52,34.099998474121094,20,0
53,34.099998474121094,20,0
53,34,20,0
53,34,20,0
53,34.099998474121094,20,0
53,34.5,20,0
53,34.79999923706055,20,0
53,34.900001525878906,20,0
53,34.70000076293945,20,0
53,34.900001525878906,20,0
52,34.29999923706055,20,0
52,34.29999923706055,20,0
52,34.29999923706055,20,0
53,34.29999923706055,20,0
52,34.20000076293945,20,0
52,34.599998474121094,20,0
52,34.599998474121094,20,0
53,34.599998474121094,20,0
52,34.70000076293945,20,0
52,34.29999923706055,20,0
52,34.900001525878906,20,0
52,34.599998474121094,20,0
52,34.20000076293945,20,0
52,34.70000076293945,20,0
52,34.5,20,0
52,34.900001525878906,20,0
53,34.79999923706055,20,0
52,34.900001525878906,20,0
53,34.70000076293945,20,0
53,34.29999923706055,20,0
52,34.5,20,0
52,34.599998474121094,20,0
52,34.79999923706055,20,0
53,34.29999923706055,20,0
53,34.79999923706055,20,0
52,34.79999923706055,20,0
53,34.29999923706055,20,0
52,34.29999923706055,20,0
53,34.79999923706055,20,0
53,34.599998474121094,20,0
52,34.29999923706055,20,0
52,34.29999923706055,20,0
52,34.29999923706055,20,0
52,34.400001525878906,20,0
52,34.599998474121094,20,0
52,34.599998474121094,20,0
53,34.599998474121094,20,0
52,34.599998474121094,20,0
52,34.599998474121094,20,0
52,34.70000076293945,20,0
52,34.099998474121094,20,0
52,34.20000076293945,20,0
52,34.20000076293945,20,0
53,34.29999923706055,20,0
52,34.5,20,0
52,34.29999923706055,20,0
52,34,20,0
52,34.599998474121094,20,0
53,34.20000076293945,20,0
52,34.20000076293945,20,0
52,34.29999923706055,20,0
52,34,20,0
52,34.099998474121094,20,0
52,34.900001525878906,20,0
53,34,20,0
52,34.599998474121094,20,0
52,34.400001525878906,20,0
52,34.79999923706055,20,0
52,34,20,0
52,34.70000076293945,20,0
52,34.900001525878906,20,0
53,34.70000076293945,20,0
52,34,20,0
53,34.29999923706055,20,0
52,34,20,0
52,34.79999923706055,20,0
52,34,20,0
52,34.099998474121094,20,0
52,34.79999923706055,20,0
52,34.900001525878906,20,0
52,34.70000076293945,20,0
52,34.900001525878906,20,0
52,34.099998474121094,20,0
52,34.900001525878906,20,0
52,34.70000076293945,20,0
53,34,20,0
52,34.70000076293945,20,0
53,34.20000076293945,20,0
52,34.79999923706055,20,0
52,34,20,0
52,34.20000076293945,20,0
52,34.400001525878906,20,0
52,34.79999923706055,20,0
52,34.5,20,0
52,34.900001525878906,20,0
53,34.099998474121094,20,0
53,34.29999923706055,20,0
52,34.5,20,0
52,34.79999923706055,20,0
52,34.5,20,0
52,34.29999923706055,20,0
52,34.900001525878906,20,0
52,34.20000076293945,20,0
52,34.70000076293945,20,0
52,34.900001525878906,20,0
52,34.20000076293945,20,0
52,34.79999923706055,20,0
52,34.599998474121094,20,0
52,34.79999923706055,20,0
52,34.599998474121094,20,0
52,34.79999923706055,20,0
52,34.599998474121094,20,0
52,34.900001525878906,20,0
52,34.20000076293945,20,0
53,34.599998474121094,20,0
52,34.400001525878906,20,0
52,34.900001525878906,20,0
53,34.29999923706055,20,0
52,34.5,20,0
52,34.70000076293945,20,0
52,34.400001525878906,20,0
52,34.20000076293945,20,0
52,34.70000076293945,20,0
52,34,20,0
52,34.099998474121094,20,0
53,34.20000076293945,20,0
52,34.400001525878906,20,0
52,34.70000076293945,20,0
53,34.099998474121094,20,0
53,34.70000076293945,20,0
52,34.79999923706055,20,0
52,34,20,0
52,34.70000076293945,20,0
52,34.599998474121094,20,0
53,34.400001525878906,20,0
52,34.900001525878906,20,0
52,34.70000076293945,20,0
55,34.099998474121094,20,0
46,34.599998474121094,20,0
60,34.5,20,0
58,34.900001525878906,20,0
55,34.099998474121094,20,0
51,34.599998474121094,20,0
52,34.79999923706055,20,0
52,34.900001525878906,20,0
52,34.70000076293945,20,0
51,34.400001525878906,20,0
53,34.400001525878906,20,0
52,34.70000076293945,20,0
53,34,20,0
53,34.5,20,0
50,34.900001525878906,20,0
51,34.70000076293945,20,0
52,34.79999923706055,20,0
51,34.79999923706055,20,0
51,34.900001525878906,20,0
51,34.400001525878906,20,0
52,34.400001525878906,20,0
51,34,20,0
52,34.099998474121094,20,0
51,34.29999923706055,20,0
51,34.5,20,0
52,34.5,20,0
51,34.5,20,0
51,34,20,0
52,34.599998474121094,20,0
51,34.599998474121094,19,0
49,34.900001525878906,19,0
48,34.29999923706055,20,0
50,34.599998474121094,20,0
49,34.29999923706055,20,0
50,34.400001525878906,20,0
52,34.70000076293945,20,0
50,34.29999923706055,20,0
51,34.400001525878906,20,0
50,34.599998474121094,20,0
50,34.099998474121094,20,0
50,34,20,0
51,34.70000076293945,20,0
50,34.599998474121094,20,0
50,34.70000076293945,20,0
50,34.70000076293945,20,0
50,34.400001525878906,20,0
50,34.099998474121094,20,0
50,34.900001525878906,20,0
50,34.900001525878906,20,0
51,34.79999923706055,20,0
51,34.70000076293945,20,0
51,34.79999923706055,20,0
51,34.599998474121094,20,0
51,34.900001525878906,20,0
52,34.29999923706055,20,0
51,34,20,0
51,34.29999923706055,20,0
50,34.599998474121094,20,0
50,34.900001525878906,20,0
50,34.400001525878906,20,0
50,34.400001525878906,20,0
50,34,20,0
50,34.900001525878906,20,0
50,34.900001525878906,20,0
50,34.400001525878906,20,0
50,34.599998474121094,20,0
50,34,20,0
50,34.900001525878906,20,0
50,34.099998474121094,20,0
50,34.79999923706055,20,0
51,34.400001525878906,20,0
50,34.79999923706055,20,0
51,34.5,20,0
50,34.400001525878906,20,0
50,34.900001525878906,20,0
50,34.900001525878906,21,0
50,34.70000076293945,21,0
50,34.29999923706055,22,0
50,34.400001525878906,21,0
50,34.29999923706055,21,0
51,34.5,20,0
50,34.5,20,0
50,34.5,20,0
50,34.400001525878906,20,0
50,34.099998474121094,20,0
50,34,20,0
50,34.20000076293945,21,0
50,35,21,0
50,35.900001525878906,20,0
50,35.70000076293945,21,0
50,35.400001525878906,21,0
50,35.900001525878906,21,0
50,35,21,0
51,35.900001525878906,21,0
50,35.20000076293945,22,0
50,35.20000076293945,21,0
51,35.900001525878906,21,0
51,35.70000076293945,24,0
51,35,28,0
50,35.099998474121094,24,0
50,35.5,22,0
50,35.400001525878906,21,0
49,35,22,0
49,35.5,21,0
49,35.29999923706055,21,0
50,35.20000076293945,21,0
50,35.599998474121094,21,0
50,35.099998474121094,21,0
65,35.900001525878906,21,0
51,35.900001525878906,21,0
53,35.900001525878906,21,0
49,35.099998474121094,21,0
49,35.400001525878906,21,0
49,35.400001525878906,21,0
50,35.79999923706055,21,0
49,35.79999923706055,21,0
50,35.70000076293945,20,0
50,35.29999923706055,21,0
50,35.5,20,0
49,35.20000076293945,20,0
49,35.5,20,0
49,35.29999923706055,20,0
49,35.099998474121094,20,0
49,35.099998474121094,20,0
50,35.599998474121094,20,0
49,35.79999923706055,20,0
49,35.900001525878906,20,0
50,35.79999923706055,20,0
50,35.900001525878906,20,0
50,35.900001525878906,20,0
50,35.79999923706055,20,0
50,35.5,20,0
50,35,20,0
49,35.5,20,0
49,35.5,20,0
50,35.29999923706055,20,0
50,35.20000076293945,20,0
50,35.20000076293945,20,0
50,35.400001525878906,20,0
50,35.5,20,0
50,35.5,20,0
50,35.29999923706055,20,0
51,35.099998474121094,20,0
50,35.400001525878906,20,0
52,35.20000076293945,20,0
51,35.79999923706055,20,0
51,35.099998474121094,20,0
51,35.400001525878906,20,0
51,35.20000076293945,20,0
51,35.400001525878906,20,0
51,35.099998474121094,20,0
52,35.099998474121094,20,0
50,35.20000076293945,20,0
51,35.599998474121094,20,0
50,35.79999923706055,20,0
51,35.70000076293945,20,0
51,35.79999923706055,20,0
51,35.70000076293945,20,0
50,35.5,20,0
50,35.5,20,0
51,35.400001525878906,20,0
51,35.79999923706055,20,0
52,35.70000076293945,20,0
51,35.79999923706055,20,0
53,35,20,0
50,35.599998474121094,20,0
52,35.79999923706055,20,0
51,35,20,0
50,35.599998474121094,20,0
49,35.79999923706055,20,0
51,35,20,0
45,35.599998474121094,20,0
52,35.79999923706055,20,0
51,35.099998474121094,20,0
50,35.5,20,0
51,35.5,20,0
52,35.599998474121094,20,0
52,35.900001525878906,20,0
52,35.79999923706055,20,0
52,35.099998474121094,20,0
51,35.400001525878906,20,0
51,35.400001525878906,20,0
52,35.099998474121094,20,0
51,35.099998474121094,20,0
51,35.29999923706055,21,0
50,35.099998474121094,21,0
49,35.70000076293945,20,0
49,35.79999923706055,20,0
50,35,20,0
49,35.79999923706055,20,0
51,35.79999923706055,20,0
49,35.20000076293945,20,0
49,35.599998474121094,20,0
49,35,20,0
50,35.5,20,0
50,35,20,0
49,35.900001525878906,20,0
50,35.599998474121094,20,0
49,35.5,20,0
50,35.70000076293945,20,0
49,35.70000076293945,20,0
50,35,20,0
50,35.099998474121094,20,0
51,35.400001525878906,20,0
50,35.79999923706055,20,0
51,35.099998474121094,20,0
58,35.20000076293945,20,0
27,35.900001525878906,20,0
56,35.29999923706055,20,0
50,35.29999923706055,20,0
49,35.20000076293945,20,0
51,35.79999923706055,20,0
61,35.599998474121094,20,0
57,35.5,20,0
47,35.400001525878906,20,0
48,35.20000076293945,20,0
50,35.099998474121094,20,0
50,35.20000076293945,20,0
50,35.70000076293945,20,0
50,35.20000076293945,20,0
51,35.20000076293945,20,0
49,35.900001525878906,20,0
50,35.79999923706055,20,0
50,35.400001525878906,20,0
50,35.599998474121094,20,0
48,35.70000076293945,20,0
50,35.400001525878906,20,0
50,35.29999923706055,20,0
50,35.29999923706055,20,0
50,35.79999923706055,20,0
50,35.20000076293945,20,0
50,35.599998474121094,20,0
50,35.29999923706055,20,0
50,35,20,0
50,35.20000076293945,20,0
50,35,20,0
50,35,20,0
56,35.79999923706055,20,0
51,35.20000076293945,20,0
50,35.099998474121094,20,0
50,35.79999923706055,20,0
50,35.599998474121094,20,0
51,35.400001525878906,20,0
50,35.29999923706055,20,0
50,35.099998474121094,20,0
51,35.29999923706055,20,0
50,35,20,0
51,35.900001525878906,20,0
50,35.29999923706055,20,0
50,35.70000076293945,20,0
50,35.099998474121094,20,0
50,35.70000076293945,20,0
50,35.5,20,0
50,35.599998474121094,20,0
50,35.70000076293945,20,0
50,35.29999923706055,20,0
54,35.400001525878906,20,0
51,35.29999923706055,20,0
49,35.29999923706055,20,0
50,35.900001525878906,20,0
51,35.79999923706055,20,0
50,35.400001525878906,20,0
49,35.099998474121094,20,0
50,35.5,20,0
50,35.400001525878906,20,0
51,35.400001525878906,20,0
51,35.29999923706055,20,0
49,35.79999923706055,20,0
48,35.5,20,0
50,35.20000076293945,20,0
51,35.900001525878906,20,0
50,35.79999923706055,20,0
54,35.900001525878906,20,0
50,35.400001525878906,20,0
54,35.5,20,0
51,35.20000076293945,20,0
51,35.20000076293945,20,0
51,35.79999923706055,20,0
52,35.900001525878906,20,0
49,35.79999923706055,20,0
51,35.20000076293945,20,0
50,35,20,0
51,35.79999923706055,20,0
51,35.20000076293945,20,0
51,35.29999923706055,20,0
51,35.099998474121094,20,0
50,35.20000076293945,20,0
50,35.599998474121094,20,0
50,35.599998474121094,21,0
49,35.099998474121094,20,0
49,35.20000076293945,20,0
49,35,20,0
50,35.70000076293945,20,0
50,35.20000076293945,20,0
51,35.400001525878906,20,0
49,35.099998474121094,20,0
51,35.400001525878906,20,0
51,35.29999923706055,20,0
49,35.900001525878906,20,0
48,35.5,20,0
50,35.20000076293945,20,0
47,35,20,0
49,35.900001525878906,20,0
50,35,20,0
91,35.79999923706055,20,0
48,35.29999923706055,20,0
50,35.099998474121094,20,0
50,35.900001525878906,20,0
50,35.099998474121094,20,0
50,35.900001525878906,20,0
50,35.70000076293945,20,0
49,35.29999923706055,20,0
50,35.20000076293945,20,0
50,35.79999923706055,20,0
50,35.099998474121094,20,0
50,35.70000076293945,20,0
51,35.400001525878906,20,0
51,35.599998474121094,19,0
50,35.20000076293945,19,0
49,35.5,20,0
50,35.79999923706055,19,0
51,35.900001525878906,19,0
50,35,19,0
50,35.5,19,0
50,35.29999923706055,19,0
50,35.70000076293945,19,0
50,35.70000076293945,20,0
50,35.5,19,0
50,35.20000076293945,19,0
50,35.599998474121094,19,0
50,35.29999923706055,19,0
50,35.900001525878906,19,0
50,35.099998474121094,19,0
50,35.20000076293945,19,0
50,35.5,19,0
50,35.29999923706055,19,0
50,35.79999923706055,19,0
50,35.20000076293945,19,0
50,35.099998474121094,19,0
50,35.400001525878906,19,0
50,35.599998474121094,19,0
44,35.900001525878906,19,0
77,35.79999923706055,19,0
49,35.099998474121094,19,0
59,35,19,0
60,35.400001525878906,20,0
49,35.5,19,0
51,35,19,0
52,35.29999923706055,20,0
50,35.70000076293945,19,0
52,35.900001525878906,19,0
52,35.5,20,0
52,35.79999923706055,20,0
51,35.099998474121094,20,0
52,35.900001525878906,19,0
51,35.70000076293945,19,0
51,35,19,0
51,35.5,20,0
55,35.29999923706055,20,0
54,35.099998474121094,20,0
53,35.900001525878906,19,0
50,35.29999923706055,20,0
49,35.099998474121094,19,0
50,35.29999923706055,19,0
49,35,19,0
50,35.79999923706055,19,0
50,35.400001525878906,19,0
50,35.099998474121094,19,0
50,35.400001525878906,19,0
49,35.70000076293945,19,0
49,35.79999923706055,19,0
49,35.29999923706055,19,0
49,35.79999923706055,19,0
49,35.900001525878906,19,0
49,35.099998474121094,19,0
49,35.900001525878906,19,0
34,35,19,0
49,35.099998474121094,19,0
49,35.599998474121094,19,0
49,35.70000076293945,19,0
49,35.900001525878906,19,0
48,35.79999923706055,19,0
49,35.900001525878906,19,0
49,35.900001525878906,19,0
50,35.400001525878906,19,0
50,35.599998474121094,19,0
50,35.099998474121094,19,0
49,35.599998474121094,19,0
50,35.79999923706055,19,0
50,35,19,0
51,35.70000076293945,19,0
51,35,19,0
51,35.599998474121094,19,0
49,34.900001525878906,20,0
51,35.599998474121094,19,0
53,34,19,0
49,34.70000076293945,20,0
51,34.29999923706055,20,0
53,34.400001525878906,20,0
51,34.400001525878906,20,0
51,34.599998474121094,20,0
51,34,20,0
51,34.5,19,0
51,34.099998474121094,19,0
51,34.29999923706055,20,0
49,34.5,20,0
50,34.79999923706055,20,0
51,34.900001525878906,20,0
51,34.70000076293945,19,0
51,34.599998474121094,19,0
51,34.20000076293945,20,0
51,34.79999923706055,20,0
52,34.20000076293945,19,0
51,34.5,20,0
51,34.79999923706055,19,0
51,34.400001525878906,19,0
51,34.70000076293945,19,0
51,34.79999923706055,20,0
51,34.5,20,0
51,34.70000076293945,20,0
51,34.099998474121094,20,0
51,34.79999923706055,19,0
51,34.900001525878906,19,0
51,34.79999923706055,20,0
51,34.70000076293945,19,0
51,34,20,0
51,34.29999923706055,20,0
51,34,20,0
51,34.29999923706055,20,0
51,34.400001525878906,19,0
51,34.400001525878906,20,0
52,34,19,0
51,34.79999923706055,19,0
51,34.099998474121094,19,0
51,34.900001525878906,20,0
51,34.20000076293945,19,0
51,34.400001525878906,20,0
52,34,20,0
47,34.20000076293945,19,0
12,34.900001525878906,19,0
50,34.400001525878906,20,0
45,34.400001525878906,20,0
48,34.900001525878906,20,0
47,34.29999923706055,19,0
48,34,19,0
49,34.79999923706055,20,0
48,34,20,0
49,34.599998474121094,20,0
49,34.79999923706055,19,0
50,34.29999923706055,20,0
50,34.400001525878906,20,0
50,34.900001525878906,19,0
50,34.599998474121094,20,0
50,34.400001525878906,19,0
50,34.5,19,0
50,34.70000076293945,19,0
50,34.099998474121094,19,0
50,34.70000076293945,19,0
51,34.70000076293945,19,0
51,34,19,0
50,34.79999923706055,19,0
50,34.099998474121094,19,0
51,34.20000076293945,19,0
51,34.599998474121094,19,0
51,34.70000076293945,19,0
51,34.79999923706055,19,0
51,34.599998474121094,19,0
51,34.70000076293945,19,0
50,34.400001525878906,19,0
50,34.599998474121094,19,0
51,34.400001525878906,19,0
51,34.5,19,0
52,34,19,0
51,34.900001525878906,19,0
51,34.70000076293945,19,0
51,34.900001525878906,19,0
51,34.70000076293945,19,0
51,34.20000076293945,19,0
49,34.70000076293945,19,0
51,34.5,19,0
51,34.900001525878906,19,0
51,34.099998474121094,19,0
51,34.20000076293945,19,0
52,34,19,0
52,34.29999923706055,19,0
50,34.29999923706055,19,0
51,34.79999923706055,19,0
51,34.099998474121094,19,0
52,34.70000076293945,19,0
51,34.29999923706055,19,0
52,34.400001525878906,19,0
53,34.5,19,0
52,34.79999923706055,19,0
52,34.099998474121094,19,0
52,34.599998474121094,19,0
52,34.79999923706055,19,0
52,34.599998474121094,19,0
52,34.599998474121094,19,0
52,34,19,0
52,34,19,0
53,34.70000076293945,19,0
52,34.79999923706055,20,0
52,34.79999923706055,20,0
52,34.400001525878906,19,0
52,34.400001525878906,19,0
52,34.20000076293945,20,0
52,34.400001525878906,20,0
52,34,20,0
52,34.20000076293945,19,0
52,34.79999923706055,20,0
52,34.70000076293945,19,0
52,34.599998474121094,19,0
52,34.400001525878906,20,0
51,34.29999923706055,20,0
52,34.099998474121094,20,0
52,34.29999923706055,20,0
52,34.400001525878906,20,0
52,34.79999923706055,20,0
52,34.70000076293945,20,0
52,34.79999923706055,20,0
52,34.900001525878906,20,0
52,34.599998474121094,20,0
54,34.70000076293945,20,0
52,34.599998474121094,20,0
52,34.099998474121094,20,0
52,34.099998474121094,20,0
52,34,20,0
52,34.20000076293945,20,0
52,34,20,0
52,34.099998474121094,20,0
52,34.79999923706055,20,0
52,34.79999923706055,20,0
52,34.599998474121094,20,0
52,34.400001525878906,20,0
52,34.29999923706055,20,0
52,34.5,20,0
52,34.099998474121094,20,0
52,34.900001525878906,20,0
52,34.099998474121094,20,0
52,34.099998474121094,20,0
52,34.5,20,0
53,34.099998474121094,20,0
52,34.400001525878906,20,0
52,34.400001525878906,20,0
52,34.400001525878906,20,0
52,34.400001525878906,20,0
51,34.400001525878906,20,0
52,34.29999923706055,20,0
52,34.20000076293945,20,0
52,34.599998474121094,20,0
52,34,20,0
52,34.900001525878906,20,0
52,34.599998474121094,20,0
52,34.400001525878906,20,0
52,34.79999923706055,20,0
52,34.70000076293945,20,0
51,34.400001525878906,20,0
52,34,20,0
52,34.20000076293945,20,0
52,34,20,0
52,34.29999923706055,20,0
52,34.099998474121094,20,0
51,34.5,20,0
51,34.900001525878906,20,0
52,34.599998474121094,20,0
52,34.29999923706055,20,0
52,34.5,20,0
52,34.5,20,0
52,34.599998474121094,20,0
52,34.70000076293945,20,0
53,34.5,20,0
52,34.099998474121094,20,0
52,34.29999923706055,20,0
52,34.400001525878906,20,0
52,34.29999923706055,20,0
52,34.5,20,0
52,34.900001525878906,20,0
52,34.400001525878906,20,0
52,34.900001525878906,20,0
52,34.5,20,0
52,34,20,0
52,34.599998474121094,20,0
52,34.79999923706055,20,0
52,34.400001525878906,20,0
53,34,20,0
52,34.5,20,0
52,34.79999923706055,20,0
50,34.900001525878906,20,0
48,34.79999923706055,20,0
51,34.20000076293945,20,0
51,34.70000076293945,20,0
51,34.70000076293945,20,0
52,34.400001525878906,20,0
51,34,20,0
51,34.099998474121094,20,0
51,34.099998474121094,19,0
52,34.29999923706055,20,0
52,34.900001525878906,20,0
52,34.70000076293945,20,0
52,34.5,20,0
52,34.20000076293945,20,0
52,34.79999923706055,20,0
52,34.70000076293945,20,0
52,34.5,19,0
52,34,19,0
52,34.599998474121094,19,0
52,34,19,0
52,34.400001525878906,19,0
52,34.5,19,0
52,34.099998474121094,20,0
52,34.099998474121094,19,0
52,34.29999923706055,19,0
52,34.099998474121094,19,0
52,34.400001525878906,19,0
52,34.099998474121094,19,0
52,34.29999923706055,19,0
52,34.5,19,0
53,34.099998474121094,19,0
52,34.400001525878906,19,0
52,34.29999923706055,19,0
52,35.900001525878906,19,0
52,35.20000076293945,19,0
51,35.29999923706055,19,0
51,35.099998474121094,19,0
52,35.70000076293945,19,0
52,35.79999923706055,19,0
52,35.29999923706055,19,0
52,35.599998474121094,19,0
52,35.79999923706055,19,0
52,35.900001525878906,19,0
52,35.79999923706055,19,0
52,35.29999923706055,19,0
52,35.400001525878906,19,0
52,35.79999923706055,19,0
52,35.400001525878906,19,0
53,35.099998474121094,19,0
53,35.79999923706055,19,0
53,35.5,19,0
52,35.099998474121094,19,0
52,35.70000076293945,19,0
53,35.5,19,0
53,35.70000076293945,19,0
52,35,19,0
53,35.29999923706055,19,0
53,35,19,0
54,35.099998474121094,19,0
52,35.900001525878906,19,0
53,35.29999923706055,19,0
53,35.400001525878906,19,0
52,35.5,19,0
52,35.599998474121094,19,0
52,35.20000076293945,18,0
52,35.70000076293945,18,0
52,35.29999923706055,18,0
52,35,19,0
52,35.20000076293945,19,0
54,35.20000076293945,18,0
52,35.79999923706055,18,0
53,35.400001525878906,18,0
53,35.79999923706055,18,0
53,35.599998474121094,19,0
52,35.70000076293945,19,0
52,35,19,0
53,35.400001525878906,19,0
55,35.599998474121094,19,0
52,35.79999923706055,19,0
52,35.599998474121094,18,0
52,35.900001525878906,18,0
52,35.099998474121094,19,0
51,35.400001525878906,19,0
54,35.79999923706055,18,0
54,35.70000076293945,19,0
53,35.5,18,0
53,35.400001525878906,19,0
55,35.400001525878906,18,0
52,35.599998474121094,18,0
53,35.79999923706055,18,0
56,35.70000076293945,19,0
50,35.599998474121094,18,0
53,35.29999923706055,18,0
54,35.900001525878906,18,0
52,35,18,0
54,35.5,18,0
51,35.400001525878906,18,0
52,35.20000076293945,18,0
56,35.70000076293945,18,0
52,35.599998474121094,18,0
54,35.400001525878906,19,0
55,35.900001525878906,18,0
52,35.70000076293945,18,0
52,35.599998474121094,18,0
54,35,18,0
53,35.400001525878906,18,0
53,35.400001525878906,18,0
53,35.5,18,0
53,35,18,0
53,35.099998474121094,18,0
52,35,18,0
52,35.70000076293945,18,0
52,35.79999923706055,18,0
52,35.400001525878906,18,0
53,35.099998474121094,18,0
52,35.900001525878906,18,0
52,35.400001525878906,18,0
52,35.20000076293945,18,0
54,35.29999923706055,18,0
55,35.599998474121094,18,0
50,35.5,18,0
53,35.900001525878906,18,0
51,35.900001525878906,18,0
52,35.599998474121094,18,0
52,35.900001525878906,18,0
53,35.20000076293945,18,0
52,35.20000076293945,18,0
52,35.5,18,0
52,35.5,18,0
52,35.5,18,0
53,35.400001525878906,18,0
52,35.099998474121094,18,0
52,35.099998474121094,18,0
52,34.599998474121094,18,0
52,34.900001525878906,18,0
52,34.20000076293945,18,0
52,34,19,0
52,34,19,0
52,34.099998474121094,19,0
52,34.099998474121094,19,0
52,34.70000076293945,19,0
54,34.900001525878906,18,0
51,34.5,19,0
52,34.70000076293945,18,0
52,34.20000076293945,18,0
52,34,18,0
53,34.599998474121094,18,0
53,34.20000076293945,18,0
52,34.400001525878906,18,0
52,34.79999923706055,18,0
52,34.099998474121094,18,0
52,34.70000076293945,18,0
52,34.400001525878906,18,0
52,34,18,0
52,34.599998474121094,18,0
52,34.400001525878906,18,0
52,34.900001525878906,18,0
52,34.099998474121094,18,0
52,34.29999923706055,18,0
52,34,18,0
51,34.900001525878906,17,0
51,34.20000076293945,18,0
51,34.79999923706055,19,0
52,34.900001525878906,19,0
51,34.70000076293945,18,0
51,34.79999923706055,17,0
51,34.099998474121094,18,0
51,34.900001525878906,19,0
51,34.599998474121094,18,0
52,34.5,17,0
52,34.70000076293945,17,0
51,34.5,18,0
51,34.599998474121094,18,0
53,34.20000076293945,18,0
50,34.29999923706055,18,0
48,34.29999923706055,19,0
47,34.400001525878906,19,0
52,34.70000076293945,19,0
52,34.900001525878906,18,0
48,34.099998474121094,18,0
66,34.70000076293945,19,0
52,34.400001525878906,19,0
53,34.20000076293945,19,0
52,34.5,19,0
52,34,19,0
52,34.900001525878906,19,0
52,34,20,0
52,34.099998474121094,19,0
52,34.900001525878906,19,0
52,34.599998474121094,19,0
52,34.29999923706055,19,0
52,34.599998474121094,19,0
52,34.79999923706055,20,0
54,34.5,19,0
52,34.79999923706055,19,0
52,34.099998474121094,20,0
52,34.599998474121094,20,0
63,34.29999923706055,20,0
50,34.20000076293945,20,0
52,34.099998474121094,21,0
51,34.29999923706055,20,0
52,34.79999923706055,20,0
52,34.29999923706055,20,0
52,34,20,0
52,34.099998474121094,20,0
52,34.20000076293945,19,0
52,34.70000076293945,19,0
52,34.5,19,0
52,34,19,0
52,34.599998474121094,19,0
52,34,18,0
52,34.900001525878906,19,0
52,34.70000076293945,19,0
52,34.900001525878906,19,0
52,34,19,0
52,34.79999923706055,19,0
52,34.70000076293945,19,0
50,34.5,19,0
49,34,19,0
50,34.900001525878906,19,0
51,34.599998474121094,19,0
52,34.900001525878906,19,0
52,34.599998474121094,19,0
51,34.79999923706055,19,0
53,34.599998474121094,19,0
50,34.099998474121094,19,0
51,34.099998474121094,19,0
49,34.599998474121094,19,0
51,34,19,0
52,34.29999923706055,20,0
53,34.79999923706055,20,0
52,34.400001525878906,20,0
49,34.79999923706055,20,0
49,34.900001525878906,20,0
49,34.599998474121094,20,0
49,34.599998474121094,20,0
49,34.5,20,0
49,34,20,0
49,34.79999923706055,20,0
50,34.900001525878906,20,0
50,34.599998474121094,21,0
50,34.70000076293945,21,0
50,34.20000076293945,20,0
48,34.599998474121094,20,0
49,34.400001525878906,20,0
49,34.099998474121094,20,0
48,34.099998474121094,21,0
48,34.79999923706055,21,0
49,34.599998474121094,20,0
49,34.099998474121094,20,0
49,34.29999923706055,20,0
49,34.900001525878906,20,0
49,34.099998474121094,20,0
49,34.70000076293945,20,0
49,34.900001525878906,20,0
49,34.20000076293945,20,0
49,34.79999923706055,20,0
49,34.400001525878906,20,0
49,34.79999923706055,20,0
49,34.599998474121094,19,0
49,34.5,20,0
49,34.29999923706055,20,0
49,34.70000076293945,20,0
49,34.400001525878906,20,0
49,34.20000076293945,20,0
49,34.5,20,0
49,34.20000076293945,20,0
49,34.29999923706055,20,0
49,34.5,20,0
49,34.599998474121094,20,0
49,34,20,0
49,35.5,20,0
49,35.20000076293945,20,0
49,35.400001525878906,20,0
49,35.400001525878906,20,0
49,35.5,20,0
49,35.900001525878906,20,0
49,35.29999923706055,20,0
49,35.099998474121094,20,0
49,35.599998474121094,20,0
49,35,20,0
49,35.70000076293945,20,0
49,35.099998474121094,20,0
49,35.900001525878906,20,0
49,35.79999923706055,20,0
49,35.20000076293945,20,0
49,35.70000076293945,20,0
49,35,20,0
48,35.5,20,0
47,35.20000076293945,20,0
48,35.5,21,0
51,35.5,21,0
49,35.20000076293945,21,0
51,35.900001525878906,21,0
50,35.5,21,0
50,35.20000076293945,21,0
52,35,21,0
50,35.20000076293945,21,0
50,35,20,0
51,35.70000076293945,20,0
51,35.099998474121094,20,0
51,35.29999923706055,20,0
51,35.599998474121094,20,0
51,35,20,0
51,35.099998474121094,19,0
51,35.70000076293945,19,0
51,35.599998474121094,19,0
51,35.5,19,0
50,35,19,0
51,35.400001525878906,18,0
51,35.70000076293945,18,0
51,35.29999923706055,18,0
51,35.5,17,0
50,35.70000076293945,18,0
51,35.099998474121094,18,0
51,35.900001525878906,18,0
51,35.29999923706055,18,0
51,35,18,0
50,35.70000076293945,18,0
51,35.099998474121094,17,0
51,35.900001525878906,17,0
51,35.5,17,0
50,35.70000076293945,17,0
51,35.599998474121094,17,0
50,35.79999923706055,18,0
50,35.5,18,0
50,35.599998474121094,18,0
51,35.29999923706055,17,0
51,35.900001525878906,17,0
51,35.400001525878906,18,0
51,35.599998474121094,18,0
51,35.599998474121094,18,0
51,35.29999923706055,18,0
51,35.400001525878906,18,0
50,35.400001525878906,18,0
50,35,18,0
50,35.79999923706055,18,0
50,35.70000076293945,18,0
51,35.400001525878906,18,0
50,35.099998474121094,18,0
50,35.20000076293945,18,0
50,35.20000076293945,18,0
51,35,18,0
50,35.900001525878906,21,0
50,35.599998474121094,20,0
50,35,20,0
50,35.400001525878906,20,0
50,35.599998474121094,20,0
50,35.099998474121094,20,0
50,35.599998474121094,19,0
50,35.900001525878906,19,0
50,35.900001525878906,20,0
50,35.20000076293945,19,0
50,35.900001525878906,19,0
50,35.099998474121094,20,0
50,35.5,21,0
50,35.5,21,0
50,35.79999923706055,20,0
48,35.79999923706055,21,0
47,35.70000076293945,20,0
50,35.099998474121094,20,0
50,35.29999923706055,20,0
46,35,21,0
45,35,21,0
47,35.099998474121094,21,0
46,35.79999923706055,20,0
38,35.20000076293945,20,0
46,35.79999923706055,20,0
48,35,20,0
49,35.099998474121094,20,0
49,35.70000076293945,20,0
49,35.5,20,0
49,35.70000076293945,20,0
49,35.599998474121094,19,0
49,35.70000076293945,19,0
49,35.900001525878906,19,0
49,35.099998474121094,20,0
49,35.79999923706055,20,0
49,35.400001525878906,19,0
50,35.70000076293945,19,0
49,35.70000076293945,19,0
49,35.29999923706055,20,0
49,35.20000076293945,20,0
49,36.599998474121094,21,0
49,36.5,23,0
49,37.20000076293945,24,0
49,37.900001525878906,20,0
49,38.70000076293945,19,0
49,38.099998474121094,18,0
49,38.29999923706055,17,0
49,38.20000076293945,17,0
49,38.29999923706055,16,0
49,38.20000076293945,16,0
49,38,16,0
49,38.79999923706055,15,0
49,38,15,0
49,38.5,15,0
49,38.599998474121094,15,0
49,38.900001525878906,15,0
49,38.5,15,0
49,38.900001525878906,15,0
49,38,15,0
49,38.400001525878906,15,0
49,38.20000076293945,15,0
49,38.099998474121094,14,0
49,38.5,14,0
49,37.79999923706055,15,0
49,37.29999923706055,15,0
48,37.70000076293945,15,0
49,37.20000076293945,15,0
49,37,15,0
49,37.400001525878906,16,0
49,37.099998474121094,15,0
49,37,15,0
49,37.79999923706055,15,0
49,37.599998474121094,15,0
49,37.599998474121094,15,0
49,37,16,0
49,37.79999923706055,16,0
48,37.79999923706055,16,0
48,37.20000076293945,16,0
49,37.29999923706055,16,0
49,37.29999923706055,16,0
49,37.20000076293945,16,0
49,37.20000076293945,16,0
49,37.20000076293945,16,0
49,37.20000076293945,16,0
49,37.900001525878906,16,0
49,36.29999923706055,16,0
49,36.5,16,0
49,36.70000076293945,16,0
49,36.5,16,0
48,36.70000076293945,16,0
49,36.70000076293945,16,0
49,36.900001525878906,16,0
49,36.400001525878906,16,0
49,36.70000076293945,16,0
49,36.79999923706055,16,0
50,36.79999923706055,16,0
49,36.20000076293945,16,0
48,36.599998474121094,16,0
49,36,16,0
49,36,16,0
49,36.400001525878906,16,0
49,36.70000076293945,16,0
48,36.79999923706055,16,0
49,36.79999923706055,16,0
49,36.099998474121094,16,0
49,36.29999923706055,17,0
49,36.400001525878906,17,0
48,36.29999923706055,16,0
49,36.20000076293945,16,0
49,36.79999923706055,16,0
48,36.5,16,0
48,36.099998474121094,16,0
49,36.70000076293945,16,0
48,36.5,16,0
48,36.20000076293945,16,0
49,36.900001525878906,16,0
49,36.900001525878906,16,0
49,36.20000076293945,16,0
49,36.5,16,0
49,36.599998474121094,16,0
49,36.29999923706055,16,0
49,36.599998474121094,16,0
49,36.20000076293945,16,0
49,36.29999923706055,16,0
49,36.599998474121094,16,0
49,35.599998474121094,17,0
49,35.900001525878906,17,0
49,35.5,17,0
49,35.70000076293945,17,0
49,35,17,0
49,35.099998474121094,17,0
49,35.5,17,0
49,35.599998474121094,17,0
49,35.79999923706055,17,0
49,35.20000076293945,18,0
49,35.29999923706055,18,0
49,35.5,18,0
49,35.599998474121094,18,0
49,35.70000076293945,18,0
49,35.29999923706055,18,0
49,35.400001525878906,18,0
49,35.20000076293945,18,0
49,35.5,18,0
49,35.70000076293945,17,0
49,35.400001525878906,18,0
49,35.29999923706055,18,0
49,35.20000076293945,18,0
49,35.20000076293945,18,0
49,35.29999923706055,17,0
49,35.70000076293945,17,0
49,35.29999923706055,18,0
49,35.29999923706055,17,0
49,35.900001525878906,17,0
49,35.29999923706055,17,0
49,35.79999923706055,18,0
49,35.900001525878906,17,0
49,35.20000076293945,17,0
49,35,17,0
49,35.20000076293945,17,0
49,35.5,17,0
49,35.599998474121094,17,0
49,35.70000076293945,17,0
49,35.20000076293945,17,0
49,35.099998474121094,17,0
49,35.29999923706055,17,0
49,35.599998474121094,17,0
49,35.70000076293945,17,0
49,35.400001525878906,16,0
49,35.599998474121094,17,0
49,35.70000076293945,17,0
49,35.20000076293945,17,0
49,35,17,0
49,35.29999923706055,16,0
49,35.099998474121094,16,0
49,35.900001525878906,16,0
49,35.79999923706055,16,0
49,35.29999923706055,16,0
49,35.20000076293945,16,0
49,35.79999923706055,16,0
49,35,17,0
49,35.099998474121094,17,0
49,35.400001525878906,16,0
49,35.099998474121094,17,0
49,35.20000076293945,17,0
49,35.29999923706055,17,0
49,35.400001525878906,17,0
49,35.400001525878906,17,0
49,35.79999923706055,17,0
49,35.79999923706055,17,0
49,35.599998474121094,17,0
49,35.900001525878906,16,0
49,35.20000076293945,16,0
49,35.599998474121094,16,0
49,35.400001525878906,16,0
49,35.099998474121094,17,0
49,35.20000076293945,17,0
49,35.599998474121094,16,0
49,35.5,16,0
49,35.900001525878906,16,0
49,35.099998474121094,16,0
49,35.5,17,0
49,35.70000076293945,17,0
49,35.400001525878906,17,0
49,35.900001525878906,17,0
49,35.400001525878906,17,0
49,35.900001525878906,16,0
49,35.29999923706055,17,0
49,35,17,0
49,35.400001525878906,17,0
49,35.900001525878906,16,0
49,35.400001525878906,16,0
49,35.5,16,0
49,35.599998474121094,16,0
49,35.900001525878906,16,0
49,35.79999923706055,16,0
49,35,16,0
49,35.29999923706055,16,0
50,35.5,16,0
49,35.70000076293945,16,0
49,35.099998474121094,16,0
49,35.5,17,0
50,35.70000076293945,17,0
49,35.5,17,0
50,35.79999923706055,17,0
50,35.099998474121094,17,0
49,35.20000076293945,17,0
49,35.5,17,0
49,35.70000076293945,17,0
49,35.400001525878906,17,0
49,35.599998474121094,17,0
49,35.79999923706055,17,0
50,35.79999923706055,17,0
49,35.599998474121094,17,0
49,35.5,17,0
49,35.29999923706055,17,0
49,35.5,17,0
49,35.5,17,0
49,35,17,0
49,35,17,0
49,35.5,17,0
49,35.79999923706055,17,0
49,35,17,0
49,35.20000076293945,17,0
49,35.20000076293945,17,0
49,35.900001525878906,17,0
49,35.5,17,0
49,35.900001525878906,17,0
49,35.400001525878906,17,0
49,35.099998474121094,17,0
49,35.099998474121094,17,0
49,35,17,0
49,35.400001525878906,17,0
49,35.79999923706055,17,0
49,35.5,17,0
49,35.70000076293945,17,0
49,35.400001525878906,17,0
49,35.099998474121094,17,0
49,35.79999923706055,17,0
49,35.099998474121094,17,0
49,35.400001525878906,17,0
49,35.29999923706055,16,0
49,35.900001525878906,17,0
49,35.70000076293945,16,0
49,35.099998474121094,17,0
49,35.20000076293945,17,0
49,35,17,0
49,35.900001525878906,17,0
49,35.400001525878906,17,0
50,35,17,0
49,35.400001525878906,17,0
49,35.099998474121094,17,0
49,35.400001525878906,16,0
49,35.5,16,0
49,35.599998474121094,16,0
50,35.099998474121094,16,0
50,35.5,17,0
49,35.70000076293945,17,0
50,35.599998474121094,17,0
49,35.5,17,0
49,35.79999923706055,17,0
49,35.5,17,0
50,35.79999923706055,17,0
49,35,17,0
49,35.400001525878906,17,0
49,35.29999923706055,16,0
49,35.70000076293945,17,0
50,35.900001525878906,17,0
49,35.29999923706055,17,0
49,35.900001525878906,17,0
49,35.5,17,0
49,35.400001525878906,17,0
49,35.20000076293945,17,0
48,35.29999923706055,17,0
50,35.5,17,0
49,35.900001525878906,17,0
49,35.599998474121094,17,0
49,35.79999923706055,17,0
49,35.099998474121094,17,0
50,35,17,0
49,35.400001525878906,17,0
49,35,17,0
49,35.900001525878906,17,0
49,35.400001525878906,17,0
49,35,17,0
49,35.29999923706055,17,0
49,35.79999923706055,17,0
49,35.099998474121094,17,0
49,35.099998474121094,17,0
48,35.900001525878906,17,0
49,35.599998474121094,17,0
49,35.79999923706055,17,0
49,35.29999923706055,17,0
50,35.900001525878906,17,0
50,35.400001525878906,17,0
50,35,17,0
49,35.400001525878906,17,0
49,35.5,17,0
49,35.900001525878906,17,0
49,35.70000076293945,17,0
50,35.400001525878906,17,0
49,35,17,0
49,35.20000076293945,17,0
49,35.099998474121094,17,0
49,35,17,0
50,35.29999923706055,17,0
49,35.70000076293945,17,0
50,35.5,17,0
49,35.70000076293945,17,0
50,35.79999923706055,17,0
49,35.20000076293945,16,0
49,35.29999923706055,16,0
50,35.29999923706055,16,0
49,35.29999923706055,16,0
50,35.29999923706055,16,0
49,35.29999923706055,17,0
49,35.70000076293945,17,0
50,35.400001525878906,17,0
50,35.099998474121094,17,0
51,35.79999923706055,17,0
49,35.70000076293945,17,0
45,35.400001525878906,17,0
31,35.900001525878906,17,0
48,35.29999923706055,17,0
47,35.79999923706055,18,0
41,35,17,0
54,35.5,17,0
46,35.599998474121094,17,0
49,35.400001525878906,17,0
45,35.900001525878906,17,0
54,35.79999923706055,17,0
49,35.5,17,0
44,35.70000076293945,17,0
50,35.79999923706055,17,0
49,35.70000076293945,19,0
49,35.20000076293945,18,0
49,35.29999923706055,17,0
50,35.29999923706055,17,0
49,35,17,0
49,35.900001525878906,17,0
49,35.5,18,0
49,35.900001525878906,18,0
50,35.400001525878906,18,0
49,35.20000076293945,17,0
50,35.5,17,0
49,35.599998474121094,17,0
48,35.79999923706055,17,0
49,35.20000076293945,17,0
49,35.79999923706055,17,0
49,35.5,17,0
50,35.79999923706055,17,0
54,35.79999923706055,17,0
49,35.400001525878906,17,0
50,35.900001525878906,17,0
49,35.599998474121094,17,0
50,35,17,0
48,35.599998474121094,17,0
49,35.20000076293945,17,0
49,35.70000076293945,17,0
49,35.400001525878906,17,0
49,35,17,0
49,35.20000076293945,17,0
49,35.29999923706055,17,0
48,35.599998474121094,17,0
50,35.29999923706055,18,0
50,35.20000076293945,19,0
50,35.79999923706055,18,0
49,35.900001525878906,18,0
49,35.099998474121094,18,0
52,35.900001525878906,18,0
48,35.29999923706055,17,0
49,35.70000076293945,17,0
48,35.099998474121094,17,0
50,35.900001525878906,17,0
49,35.20000076293945,17,0
56,35.79999923706055,17,0
51,35.70000076293945,17,0
52,35.099998474121094,17,0
48,35.900001525878906,18,0
50,35.29999923706055,18,0
49,35,18,0
46,35.400001525878906,17,0
56,35.29999923706055,18,0
54,35.29999923706055,18,0
84,35.79999923706055,18,0
35,35.29999923706055,18,0
50,35.29999923706055,18,0
54,35.599998474121094,19,0
55,35.5,18,0
46,35.900001525878906,18,0
56,35.5,19,0
103,35.29999923706055,18,0
12,35,18,0
38,35.20000076293945,19,0
99,35.900001525878906,18,0
40,35.400001525878906,19,0
21,35.70000076293945,19,0
109,35.5,19,0
41,35.5,19,0
10,35.70000076293945,18,0
109,35.79999923706055,18,0
59,35.5,18,0
6,35.20000076293945,18,0
89,35.79999923706055,18,0
87,35.900001525878906,18,0
8,35.29999923706055,18,0
52,35.599998474121094,17,0
132,35.70000076293945,18,0
14,35,17,0
31,35.20000076293945,18,0
118,35.20000076293945,18,0
28,35,18,0
17,35,18,0
113,35.20000076293945,18,0
43,35.20000076293945,18,0
9,35.900001525878906,18,0
103,35.20000076293945,18,0
62,35.29999923706055,18,0
5,35,18,0
75,35.599998474121094,18,0
95,35,17,0
12,35.20000076293945,17,0
32,35.5,17,0
117,35.5,17,0
36,35.5,18,0
8,35.599998474121094,18,0
95,35.79999923706055,18,0
86,35.79999923706055,18,0
11,35.900001525878906,18,0
30,35.20000076293945,17,0
113,35.5,18,0
60,35.5,18,0
6,35.599998474121094,18,0
36,35.900001525878906,18,0
115,35.29999923706055,18,0
61,35.29999923706055,18,0
7,35.29999923706055,17,0
31,35.70000076293945,17,0
112,35.29999923706055,18,0
75,35,18,0
13,35.5,18,0
17,35.20000076293945,18,0
94,35.79999923706055,18,0
108,35.79999923706055,18,0
31,35.900001525878906,18,0
6,35.20000076293945,18,0
65,35.099998474121094,18,0
124,35.900001525878906,18,0
63,35.900001525878906,18,0
9,35.400001525878906,18,0
17,35.400001525878906,18,0
91,35.79999923706055,17,0
118,35.20000076293945,17,0
44,35.70000076293945,20,0
3,35.599998474121094,19,0
28,35.70000076293945,18,0
105,35.20000076293945,18,0
108,35.20000076293945,17,0
39,35.20000076293945,17,0
3,35.79999923706055,18,0
29,35.900001525878906,18,0
113,35.5,17,0
109,35.599998474121094,19,0
29,35.79999923706055,19,0
3,35.70000076293945,19,0
50,35.29999923706055,18,0
118,35.599998474121094,19,0
73,35.70000076293945,19,0
14,35.5,18,0
9,35.400001525878906,18,0
62,35,18,0
117,35.599998474121094,18,0
91,35.29999923706055,19,0
28,35.900001525878906,18,0
3,35.900001525878906,18,0
33,35.099998474121094,19,0
108,35.900001525878906,20,0
106,35,20,0
39,35.5,19,0
0,35.900001525878906,18,0
30,35,18,0
102,35.70000076293945,18,0
136,35.599998474121094,19,0
61,35,20,0
4,35.599998474121094,20,0
13,35.5,20,0
76,35.599998474121094,20,0
116,35.599998474121094,20,0
78,35.5,19,0
21,35.599998474121094,18,0
4,35.5,18,0
32,35.70000076293945,17,0
99,35.599998474121094,17,0
105,35.70000076293945,17,0
45,35.29999923706055,17,0
7,35.79999923706055,18,0
14,35,18,0
60,35.70000076293945,17,0
107,35.29999923706055,17,0
90,35.29999923706055,17,0
37,35.70000076293945,17,0
8,35.5,17,0
12,35.79999923706055,17,0
57,35.70000076293945,17,0
107,35.29999923706055,17,0
86,35.900001525878906,17,0
31,35.599998474121094,17,0
6,35.29999923706055,17,0
21,35,17,0
88,35.29999923706055,17,0
145,35.20000076293945,19,0
89,35.400001525878906,20,0
33,36.5,18,0
6,35.29999923706055,19,0
15,36.79999923706055,18,0
59,36.79999923706055,18,0
104,36.20000076293945,17,0
100,36.29999923706055,17,0
50,36.20000076293945,17,0
15,36.79999923706055,17,0
6,36.5,17,0
26,36.79999923706055,16,0
78,36.400001525878906,16,0
111,36.29999923706055,16,0
83,36.900001525878906,16,0
27,36,17,0
4,36.20000076293945,16,0
23,36.400001525878906,16,0
92,36.29999923706055,20,0
126,36.099998474121094,18,0
73,36,20,0
14,36.900001525878906,18,0
11,37.599998474121094,18,0
63,37.29999923706055,17,0
114,37,16,0
75,37.599998474121094,16,0
21,37.79999923706055,16,0
6,37.900001525878906,16,0
36,37.599998474121094,16,0
100,37.5,15,0
100,37.29999923706055,15,0
41,37.400001525878906,15,0
9,37.5,15,0
15,37.599998474121094,15,0
66,37.599998474121094,15,0
126,37.29999923706055,15,0
149,37.400001525878906,15,0
55,37.400001525878906,15,0
6,37,16,0
9,37.20000076293945,16,0
47,37.29999923706055,16,0
77,37.900001525878906,16,0
87,37.099998474121094,16,0
57,37.400001525878906,16,0
28,37.099998474121094,16,0
10,37.29999923706055,15,0
20,37,15,0
53,37.79999923706055,15,0
92,37.29999923706055,16,0
90,37.099998474121094,15,0
48,37.29999923706055,15,0
14,37.400001525878906,15,0
12,37.599998474121094,15,0
36,36.5,16,0
83,36.29999923706055,16,0
93,36.099998474121094,16,0
54,36.20000076293945,16,0
20,36.900001525878906,16,0
10,36.70000076293945,16,0
31,36.5,16,0
75,36.29999923706055,16,0
96,36.70000076293945,16,0
68,36.20000076293945,16,0
33,36.400001525878906,16,0
13,36.20000076293945,16,0
13,36.79999923706055,16,0
28,36.70000076293945,16,0
59,36.900001525878906,16,0
89,36.79999923706055,16,0
95,36.900001525878906,16,0
81,36.70000076293945,16,0
49,36.29999923706055,16,0
29,36.20000076293945,16,0
16,36.400001525878906,16,0
11,36.400001525878906,16,0
12,36.20000076293945,15,0
22,36.900001525878906,15,0
42,36.400001525878906,16,0
67,36.400001525878906,16,0
87,36.400001525878906,16,0
95,36.29999923706055,16,0
86,36.29999923706055,16,0
55,36.099998474121094,15,0
30,36.900001525878906,16,0
14,36.70000076293945,15,0
13,36.79999923706055,15,0
31,36.70000076293945,15,0
69,36.099998474121094,15,0
94,36.900001525878906,15,0
85,36.20000076293945,15,0
51,36.099998474121094,15,0
26,36.79999923706055,15,0
12,36,15,0
12,36.900001525878906,15,0
26,36.79999923706055,15,0
52,36.70000076293945,15,0
83,36.400001525878906,15,0
93,36.70000076293945,15,0
82,36.70000076293945,15,0
50,36.79999923706055,15,0
27,36.20000076293945,15,0
13,36.29999923706055,15,0
11,36.599998474121094,15,0
20,36.79999923706055,15,0
37,36.400001525878906,15,0
66,36.900001525878906,15,0
87,36.5,15,0
95,36.79999923706055,15,0
84,36.5,15,0
58,36.400001525878906,15,0
36,36.70000076293945,15,0
20,36.70000076293945,15,0
11,36.5,15,0
12,36.70000076293945,15,0
24,36.099998474121094,15,0
42,36.099998474121094,15,0
69,36.70000076293945,15,0
89,36.5,15,0
95,36.599998474121094,15,0
78,36.599998474121094,15,0
47,36,15,0
24,36.099998474121094,15,0
12,36.29999923706055,15,0
13,36.099998474121094,15,0
29,36.20000076293945,15,0
61,36.099998474121094,15,0
89,36.29999923706055,15,0
90,36.29999923706055,15,0
55,36.5,15,0
24,36.29999923706055,15,0
11,36.400001525878906,15,0
20,36,15,0
51,36.5,15,0
88,36.70000076293945,15,0
90,36.900001525878906,16,0
53,36,15,0
23,36.5,15,0
10,36.70000076293945,15,0
24,36.29999923706055,15,0
63,36.599998474121094,15,0
93,36.099998474121094,15,0
84,36.79999923706055,15,0
45,36.20000076293945,15,0
20,36.79999923706055,15,0
11,36,15,0
19,35.599998474121094,16,0
45,35.900001525878906,16,0
78,35.900001525878906,16,0
95,35.5,16,0
86,35.29999923706055,16,0
55,35.20000076293945,16,0
31,35.5,16,0
14,35,16,0
10,35.099998474121094,16,0
19,35.5,16,0
37,35.20000076293945,16,0
65,35.79999923706055,16,0
87,35.70000076293945,16,0
94,35.79999923706055,16,0
87,35.599998474121094,16,0
65,35.5,16,0
43,35.099998474121094,16,0
24,35.400001525878906,16,0
13,35.20000076293945,16,0
12,35.599998474121094,16,0
27,35.5,16,0
57,35.79999923706055,16,0
93,35.5,16,0
98,35.099998474121094,16,0
73,35.400001525878906,16,0
38,35,16,0
20,35.29999923706055,16,0
11,35.099998474121094,17,0
15,35,17,0
29,35.20000076293945,17,0
57,35.79999923706055,17,0
84,35.70000076293945,16,0
93,35.099998474121094,16,0
87,35.5,16,0
64,35.29999923706055,16,0
39,35,16,0
23,35.20000076293945,16,0
13,35.79999923706055,16,0
11,35.599998474121094,16,0
19,35.5,16,0
40,35.79999923706055,16,0
73,35.900001525878906,16,0
93,35.79999923706055,16,0
82,36.5,16,0
47,36.70000076293945,16,0
18,36.70000076293945,16,0
12,36.70000076293945,16,0
34,36.900001525878906,16,0
82,36.400001525878906,16,0
91,36.400001525878906,16,0
52,36.20000076293945,16,0
19,36.599998474121094,16,0
12,36.70000076293945,16,0
38,36.400001525878906,16,0
83,36,16,0
91,36.79999923706055,16,0
52,36.20000076293945,16,0
20,36.29999923706055,16,0
12,36,15,0
35,36.20000076293945,16,0
82,36.79999923706055,15,0
88,36,15,0
42,36.400001525878906,15,0
13,36,15,0
20,36.599998474121094,15,0
70,36.099998474121094,15,0
93,36.79999923706055,15,0
46,36.900001525878906,15,0
14,36,15,0
21,36.599998474121094,15,0
69,36,15,0
94,36.900001525878906,15,0
54,36.20000076293945,15,0
18,36,15,0
13,36.20000076293945,15,0
42,36.20000076293945,15,0
88,36.29999923706055,15,0
81,36.70000076293945,15,0
33,36.5,15,0
12,36.70000076293945,15,0
25,36.29999923706055,15,0
71,36.70000076293945,15,0
94,36.400001525878906,15,0
54,36.79999923706055,15,0
18,36.20000076293945,15,0
14,36.29999923706055,15,0
50,36.29999923706055,15,0
91,36.29999923706055,15,0
69,36.599998474121094,15,0
25,36,15,0
12,36.79999923706055,15,0
36,36.29999923706055,15,0
87,36.70000076293945,15,0
81,36,15,0
32,36.79999923706055,15,0
11,36.20000076293945,15,0
34,36.29999923706055,15,0
88,36.599998474121094,15,0
75,36.099998474121094,15,0
26,36.400001525878906,15,0
13,36.70000076293945,15,0
56,36.400001525878906,15,0
93,36.79999923706055,15,0
40,36.099998474121094,15,0
11,36,15,0
42,36.79999923706055,15,0
93,36.099998474121094,15,0
49,36.900001525878906,15,0
12,36.29999923706055,15,0
37,36.599998474121094,15,0
98,36.900001525878906,15,0
51,36.099998474121094,15,0
11,36.79999923706055,15,0
47,36.29999923706055,14,0
92,36.29999923706055,14,0
31,36.20000076293945,14,0
15,35.29999923706055,15,0
79,35.5,15,0
62,35.29999923706055,15,0
12,35,15,0
65,35.20000076293945,15,0
178,27.600000381469727,55,0
191,27.600000381469727,54.29999923706055,0
190,27.700000762939453,54.400001525878906,0
181,27.700000762939453,54,0
167,27.899999618530273,53.70000076293945,0
155,27.5,54,0
151,27,53.900001525878906,0
140,26.700000762939453,54.099998474121094,0
148,27.100000381469727,54.79999923706055,0
142,27.399999618530273,54,0
138,27.600000381469727,54.099998474121094,0
145,27.399999618530273,55.099998474121094,0
153,27.399999618530273,54.70000076293945,0
144,27.5,55.400001525878906,0
133,27.700000762939453,55.20000076293945,0
135,27.5,55.400001525878906,0
133,27.299999237060547,56.400001525878906,0
122,26.899999618530273,55.599998474121094,0
115,27.299999237060547,55.099998474121094,0
114,27.299999237060547,55.79999923706055,0
126,27.399999618530273,56,0
138,27.799999237060547,55.70000076293945,0
134,28,55.29999923706055,0
121,27.600000381469727,55.20000076293945,0
119,27.5,54.599998474121094,0
121,27.100000381469727,55.099998474121094,0
134,26.700000762939453,54.79999923706055,0
142,26.299999237060547,55.29999923706055,0
145,26.100000381469727,55.400001525878906,0
144,26.200000762939453,55.900001525878906,0
146,26,55.29999923706055,0
151,25.799999237060547,56.20000076293945,0
155,26.100000381469727,55.20000076293945,0
153,25.799999237060547,54.79999923706055,0
163,25.5,55.70000076293945,0
166,25.299999237060547,55.5,0
154,25.200000762939453,54.599998474121094,0
145,24.899999618530273,54,0
155,24.799999237060547,53.099998474121094,0
169,24.299999237060547,54,0
159,24.5,53.599998474121094,0
169,24.600000381469727,53.70000076293945,0
157,24.600000381469727,52.79999923706055,0
149,24.700000762939453,53.20000076293945,0
145,24.5,53.900001525878906,0
132,24.5,54.599998474121094,0
125,24.100000381469727,54.5,0
130,23.799999237060547,53.900001525878906,0
132,23.899999618530273,54,0
119,24.100000381469727,53.599998474121094,0
115,24,54.20000076293945,0
112,24,54.20000076293945,0
103,24,55.20000076293945,0
93,23.899999618530273,54.79999923706055,0
105,24,54.099998474121094,0
103,24.5,54.900001525878906,0
98,24,54.79999923706055,0
90,24.200000762939453,53.900001525878906,0
85,24.5,54.70000076293945,0
96,24.799999237060547,54,0
107,24.700000762939453,53.099998474121094,0
93,24.5,52.70000076293945,0
106,24.299999237060547,52.599998474121094,0
103,23.899999618530273,53.5,0
89,23.799999237060547,53.099998474121094,0
89,24.100000381469727,53.79999923706055,0
79,24,53.20000076293945,0
69,24.100000381469727,52.5,0
59,24.100000381469727,52.099998474121094,0
67,24.299999237060547,51.400001525878906,0
72,24,52.099998474121094,0
80,24.100000381469727,51.29999923706055,0
78,24.100000381469727,50.900001525878906,0
67,23.799999237060547,50.5,0
71,24.200000762939453,51.400001525878906,0
74,24.5,51.79999923706055,0
77,24.299999237060547,52.70000076293945,0
68,23.899999618530273,51.70000076293945,0
62,23.700000762939453,51.099998474121094,0
63,23.700000762939453,50.5,0
50,24.100000381469727,51.20000076293945,0
54,23.700000762939453,51,0
53,24,51.20000076293945,0
56,24,51.20000076293945,0
52,23.899999618530273,51.900001525878906,0
56,23.700000762939453,50.900001525878906,0
69,23.700000762939453,51.20000076293945,0
82,23.700000762939453,50.79999923706055,0
90,23.899999618530273,49.79999923706055,0
87,23.799999237060547,49.79999923706055,0
82,23.799999237060547,50,0
80,23.799999237060547,49.900001525878906,0
81,24.299999237060547,49.900001525878906,0
78,24.399999618530273,50.900001525878906,0
65,24,51.70000076293945,0
70,24.100000381469727,52.400001525878906,0
75,24.5,52.20000076293945,0
78,25,53.099998474121094,0
88,25.5,54,0
83,26,53.70000076293945,0
85,26.5,52.79999923706055,0
93,26.899999618530273,53.5,0
84,26.5,54.20000076293945,0
89,27,54.400001525878906,0
80,27.100000381469727,53.400001525878906,0
91,26.899999618530273,53.400001525878906,0
82,26.5,54.20000076293945,0
91,26.399999618530273,53.79999923706055,0
98,26.200000762939453,54.099998474121094,0
102,26.5,54,0
92,26.200000762939453,53.5,0
84,26.700000762939453,53.400001525878906,0
94,26.600000381469727,52.400001525878906,0
88,26.600000381469727,51.400001525878906,0
82,26.299999237060547,51.20000076293945,0
70,25.799999237060547,50.20000076293945,0
84,25.5,50.599998474121094,0
89,25.799999237060547,50.400001525878906,0
95,25.5,51.29999923706055,0
100,25.799999237060547,50.29999923706055,0
101,26.299999237060547,50.70000076293945,0
115,26.5,50.70000076293945,0
122,26.799999237060547,50.20000076293945,0
127,26.399999618530273,49.70000076293945,0
141,26.399999618530273,48.79999923706055,0
138,26.299999237060547,49.70000076293945,0
137,26.799999237060547,50.29999923706055,0
129,27.100000381469727,50.29999923706055,0
116,27.399999618530273,50.70000076293945,0
102,27.899999618530273,49.900001525878906,0
89,27.399999618530273,50.599998474121094,0
77,27.700000762939453,51.400001525878906,0
72,27.899999618530273,51.400001525878906,0
61,27.899999618530273,52,0
71,27.399999618530273,52.5,0
79,27.600000381469727,52.099998474121094,0
90,27.5,51.400001525878906,0
78,27.200000762939453,50.5,0
85,27.200000762939453,50.400001525878906,0
95,27.399999618530273,50,0
109,26.899999618530273,50.29999923706055,0
111,26.399999618530273,49.400001525878906,0
110,26.100000381469727,49.70000076293945,0
103,25.899999618530273,49.099998474121094,0
102,25.700000762939453,48.099998474121094,0
109,25.600000381469727,48.79999923706055,0
106,25.600000381469727,49.29999923706055,0
94,25.700000762939453,50.099998474121094,0
90,25.399999618530273,50.29999923706055,0
80,25.399999618530273,51.099998474121094,0
78,25.5,50.599998474121094,0
73,25.799999237060547,50.29999923706055,0
75,26.100000381469727,49.400001525878906,0
75,26.100000381469727,48.70000076293945,0
84,26.100000381469727,47.900001525878906,0
76,26.100000381469727,46.900001525878906,0
70,25.700000762939453,46.5,0
72,25.799999237060547,46.79999923706055,0
83,25.600000381469727,46.79999923706055,0
81,25.100000381469727,47.400001525878906,0
93,25,48,0
86,25,48.20000076293945,0
91,24.899999618530273,47.599998474121094,0
82,24.700000762939453,48,0
71,24.399999618530273,48.20000076293945,0